판매,388
드림,380
도리,232
아크릴,148
디엠,142
일괄,135
그림그리기여그림,127
그림연습스타방법남스타,127
계정,112
페스,99
라이,74
파츠,73
장터,72
세카,70
반택,70
스타,67
로젤리아,64
아야,64
양도,63
천사,62
한정,60
위주,59
뱃지,57
라스,55
포카,54
특전,53
흔적,53
모카,53
가격,51
피파,47
부탁,47
아리사,45
프로세카,44
슈발츠,44
교환,42
타래,41
스티커,41
파스파레,38
장르,36
본진서울인천출몰트친,35
레오,35
우대,34
개별,34
다수,33
말다,33
린코,33
그림,33
스미다,32
레이,32
치사,31
카드,31
개봉,30
스탠드,30
하피,30
완덱,29
미개,29
애니메이트,27
유키나,26
미타,26
아오,26
구합,25
리사,25
부쿠부,24
오다크다,24
이브,24
앨범,23
포토카드,23
구미,23
야마,23
트친,22
파티,22
키라,21
마루야마,21
앱글,21
밴드,21
전시,21
르포,20
코스,20
애프터로우,20
자다,20
라이브,20
로젤,19
트윗,19
하나조노,18
토모,18
배송,18
퓨젤,18
가드,18
마스,18
필름라이브,18
테루,18
토우코,17
마리,17
지류,17
러브라이브,16
콜라보,16
롯카,16
코코,16
미사,16
신분,16
베다,16
위고,15
웨딩,15
급전,15
카페,15
질문,15
사람거짓말사람거짓말증명로더방탄세븐보이즈,14
급처,14
마야,14
얘기,14
주년,14
개인,14
츄츄,14
오다,14
처분,14
멘션,13
오픈채팅,13
이마이리사따리시간,13
사람,13
공구,13
멤버,13
등등,13
최애,13
편택,13
오너얘기,13
파레,13
스파,13
관련,13
파샤엔시,13
플라워,12
백스테,12
차금,12
미나토유키나,12
노래,12
게임,12
카논,12
연락,12
아코,12
추첨,12
월드페어,12
도합,11
카오루,11
가요특별대접주인예정타임진행손님,11
문상,11
은퇴,11
카페수요조사주인인수메이드,11
리듬게임,11
조아게임도모분만메다팔,10
트랩,10
로만,10
스키,10
카미이브,10
대행,10
캐릭터,10
와카레이,10
제외,10
상관,9
친구,9
생각,9
대리,9
리제,9
니카,9
박스,9
풀콤,9
번호연락시기,9
랜덤,9
대행주년,9
주차,9
나미,9
집중,8
아래,8
홀리데이,8
조건보시,8
팣,8
의상,8
안녕,8
문의,8
자신,8
조건,8
주시,8
상품,8
보유,8
사시,8
회원,8
병아리코스,7
아이엠,7
등등남자코스,7
예정,7
사항,7
참고,7
츄츄타마치유,7
존버타시보유,7
바이스,7
이다스파,7
니레벨,7
비계,7
상자익명질문,7
바이오,7
유라,7
월드,7