,0
0,뱅 드림 천사 님 뱅 드림 천사 님 친드 모시다 자세하다 건 세번 째 사진 읽다 아래 표 작성 하다 후 찌르다 주심 감사하다 트친 분들 인알 부탁드리다
1,뱅 드림 사토 마 스키 마스 킹 굿 즈 처분 판매 하다 사진 별로 묶음 일괄 판매 개별 가격 소 분 용다 디엠 문의 줄다 네 모 표시 미개 봉 미전 시품 일괄 구매 시 슈발츠 장
2,뱅 드림 뱅 드림 로젤리아 이마이 리사 좋아하다 굿 즈 쫌쫌 따리 모으다 시간 나다 그림 오너캐 얘기 해 그림 톤 님
3,뱅 드림 필름 라이브 필라 특전 색 주차 모 르포 카 키 리가 토우코 반택 포 판매 하다
4,나 어리다 때 그림 연습 걸 함 앙 스타 뱅 드림 방법 남캐 잘 그리다 앙 스타 이르다 내 그림 체 그리기 번 여캐 잘 그리다 뱅 드림 이르다 내 그림 체 그리기 번 그래서 진짜 하다 물어보다 두다 합치다 번
5,뱅 드림 쿠라 타 말다 굿 즈 구합 니 아크릴 지류 위주 구 디엠 줄다
6,천사 님 줄다 뱅 드림 천사 님 아야 천사 님 천사 님 모시다 뱅 드림 장르 마루 야마 아야 천사 님 모시다 아래 글 읽다 오다
7,뱅 드림 츄츄 타마 데 치유 라스 위주 굿 즈 위주 파다 일괄 다수 개별 순 우대 하다 하자 예민하다 신분 들 삼가다 해주다 자세하다 디엠 물어보다
8,최소 이상 거래 하다 사진 가격 적히다 전체 적 개봉 후 전시 해 두다 하다 상품 자세하다 하자 확인 하다 디엠 부탁드리다 자세하다 사항 타래 적다 두다 레이 뱅
9,뱅 드림 반 도리 포핀 파티 포 피파 하나조노 타 포핀 드림 앨범 특전 포토 카드 각 판매 양 도합 니 일괄 구매 시 반택 비 부담 하다
10,뱅 드림 굿 즈 마스 킹 모리 체크 모리 척 누 이 구합 니 문의 디엠 부탁드리다
11,뱅 드림 이 치가 아리사 넨도 카페 아크릴 하나조노 타 에이치 가야 아리사 필름 라이브 색 오다 카미 이브 부쿠부 스트랩 기모노 여름 아크릴 판매 하다 일괄 시 운포 문의
12,뱅 드림 반 도리 깔다 돌다 처분 목적 파다 생 이다 오다 크다 히 나 파츠 약 진행 계 퓨 라스 파츠 햎젤 파츠 타래
13,홈스 턱 기력 없다 대학생 트친 해주다 비록 홈스 턱 연성 없다 명 일방 주 소녀 전선 프로 세카 뱅 드림 페 오 블루아 카를 다 고연 성 없다 트친 해주다 데이브 더크 좋아하다
14,뱅 드림 천사 님 모시다 글 뱅 드림 천사 님 모시다 란 천사 님 썸 연 드 다른 천사 분들 친구 드림 모시다 오 시기 전 먼저 에스크 언 질 부탁드리다 란 천사 님 일 이상 가면 알티 추첨 덕 자금 드리다
15,뱅 드림 쿠라 타 말다 굿 즈 구합 니 아크릴 지류 위주 구 디엠 줄다
16,뱅 드림 쿠라 타 말다 굿 즈 구합 니 아크릴 지류 위주 구 디엠 줄다
17,뱅 드림 마츠바 카논 포카 포토 카드 판매 하다 위캔후레 관련 굿즈 판매 의사 철회 되다 수 디엠 문의 줄다
18,올 뱅 님 아키코 하 같다 뱅 드림 컾 들다
19,뱅 드림 마츠바 카논 포카 포토 카드 판매 하다 위캔후레 관련 굿즈 판매 의사 철회 되다 수 디엠 문의 줄다
20,뱅 드림 일 도리 계정 양 도합 니 가끔 게임 하다 정도 이다 랭 성 개 퍼콤작 하다 곳 많다 편하다 디엠 줄다
21,나 어리다 때 그림 연습 걸 함 앙 스타 뱅 드림 방법 남캐 잘 그리다 앙 스타 이르다 내 그림 체 그리기 번 여캐 잘 그리다 뱅 드림 이르다 내 그림 체 그리기 번 그래서 진짜 하다 물어보다 두다 합치다 번
22,소 미자 동 트윗 소 밉다 그림 계 트친 모두 맞팔 하다 타장르 들 많다 주로 아이 카츠 뱅 드림
23,안녕하다 몇 백년 트위터 킵니 앙 스타 뱅 드림 프 세카 하다 마지막 내 새끼 레이 이다 굿 즈 도 사진 꽉차다 못 올리다 어쨋 하트 누르다 팔로 걸다 리듬게임 뱅 드림
24,으 머 정말 사람 차이 보다 ㅜㅜ 친구 앙 스타 프 세카 뱅 드림 셋 다 하다 뱅 드림 가장 어렵다
25,아아 악 맞다 특히 뱅 드림 ㅜ 친구 들 하다 보 진짜 빡세 덥다 보다 봄
26,프 세카 프로 세카 투디 원더 쇼 오시 성인 한 섭 유저 용 루 이 네네 좋아하다 프 세카 외 뱅 드림 얘기 차 창작 하다 무 메다 팔 해
27,코스 어 응애응애 병아리 코스 어 파닥파닥 이다 스파 패 앙 스타 프 세카 뱅 드림 등등 많이 파 남자 코스 어 자다 안 받다 습 니당다 흔적 남기다 찾아가다
28,뱅 드림 레이 맞추다 로 제트 커미션 완료 돼다
29,뱅 드림 반 도리 히 카 사 굿 즈 부쿠부 피 규어 양 도합 니 편하다 문의 줄다
30,뱅 드림 만쥬 로젤리아 니 기 만쥬 시로 카 린코 판매 양도 만지다 적 없다 전시 하다 하자 전혀 없다 상태 이다 구매 의사 분 사진 드리다 디엠 줄다 양 도합 니 반
31,뱅 드림 장터 퓨슾완덱 퓨젤찐팣계 문상 판매 하다 급처 하다 성 개수 개 문의 디엠 부탁드리다 뱅 드림 일 도리 돌다 깔다 돌다 나눔 급구 급처 판매 교환 고 랭 계 퓨젤 퓨슾 찌다
32,뱅 드림 주년 캔 뱃지 판매 지금 합정 애플 샵 오늘 합정 직거래 되다 외 광주 직거래 반택 위주 로만 받다 개다 로 판 매다 받다
33,뱅 드림 장터 뱅 드림 파 레오 굿 즈 판매 가격 사진 속 구매 조건 괄호 숫자 인용 트윗 물건 중 캔 뱃지 제외 함께 구매 해주다 상태 드레스 미개 봉 나머지 단순 개봉
34,뱅 드림 하나조노 타 굿 즈 반택 비 포함 일괄 양도 하다 맘찍후 디엠
35,뱅 드림 로젤리아 히 카 사 넨도로이드 반택 포 처분 양도 판매 하다 크게 눈 띄다 하자 안보 파츠 전부 쿨거시 반택 포 드리다 급전 이다 문의 보다 트윗 맘찍 후 디엠 줄다
36,짐 정리 겸 뱅 드림 굿 즈 싸다 판매 해 히 클리어 타 올 사 요피 규어 개봉 전시 박스 별 반짝 바이스 슈발츠 개다 아야 아크릴 스트랩 뱃지 개다 타래 오픈 채팅 연락 줄다
37,뱅 드림 말다 치어리더 필라 아크릴 판매 하다 각 뱅 드림 장터 몰다 포 굿 즈 양도 매입
38,뱅 드림 리제 오다 크다 웨딩 오다 크다 찐완또 파츠 스티커 계정 구합 니 좀 사고 싶다 은퇴 계 고 랭 계 등등 안 가다 웨딩 앙코르 나오다 옷 말 하다 겁니다
39,일 도리 뱅 드림 반 도리 계정 구합 니당다 레벨 이상 폐광 계 구 하다 히 많다 계정 우대 하다 성 많다 수록 좋다 가격 상관
40,뱅 드림 반 도리 굿 즈 히 카 사 송 아이엠 아크릴 미개 봉 운 밉다 파다 디엠 오픈 채팅 줄다
41,뱅 드림 이 치가 아리사 굿 즈 양도 판매 정리 하다 이상 가격 추가 눌 의향 안 팔리다 걍 소장 하다 후 지큐 아크릴 스탠드 칸타빌레 뱅 애니 주년 샵 뱅 에잇 성 써클 회원 증 부쿠부 캬 리움 개다
42,파스 파레 아야 위주 지류 일괄 판매 하다 일괄 홀리데이 브마 하자 타래 사진 올리다 두다 디엠 줄다 뱅 드림 양도 뱅 드림 장터
43,뱅 드림 츄츄 타마 데 치유 라스 위주 굿 즈 위주 파다 일괄 다수 개별 순 우대 하다 하자 예민하다 신분 들 삼가다 해주다 자세하다 디엠 물어보다
44,뱅 드림 라스 아크릴 핀 즈 아크릴 판매 하다 핀 즈 일괄 아크릴 스탠드 일괄 가지 전부 구매 시 전부 캐릭터 확인 위 단순 개봉 문의 주시 실물
45,뱅 드림 장터 뱅 드림 ㅇㄴ 님 치사 카논 비공식 굿 즈 판매 하다 원가 판매 하다 선착순 명 구매 특전 포함 이다 일괄 로만 판매 하다 개별 문의 배송 편택 반택 이용 하다
46,오다 카미 이브 굿 즈 판매 뱅 드림 파스 파레 히 마야 아야 치사 토 뱅 드림 장터 개 이상 구매 부탁드리다 일괄 구매 우대 하다 전부 개봉 전시 피 규어 박스
47,뱅 드림 반 도리 깔다 돌다 처분 목적 파다 생 이다 오다 크다 히 나 파츠 약 진행 계 퓨 라스 파츠 햎젤 파츠 타래
48,뱅 드림 굿 즈 마스 킹 모리 체크 모리 척 누 이 구합 니 문의 디엠 부탁드리다
49,뱅 드림 미타 케 란 누 이 누 이 구루미 인형 교복 인형 각 판매 양도 하다 전시 해 두 어서 눈 띄다 하자 없다 디엠 물어보다 말씀 드리다 디엠 주시 멘션 맘찍 해주다
50,뱅 드림 로젤리아 시로 카 린코 생일 굿 즈 박스 양도 받다 되다 풀셋 선호 하나 아크릴 개별 도 구매 하다 생각 가격 웬만하다 맞추다 드리다 적다 디엠 부탁드리다 간절하다 구 해보다 반 도리 양도 공
51,뱅 드림 일 도리 돌다 판매 타래 대부분 밉다 진행 계 이다 교환 문의 약 네 가능하다 문의 줄다 페스 돌다 위주 원하다 카드 계정 찾다 드리다 가능하다 거래 전 메인 트 확인 필수
52,뱅 드림 일 도리 반 도리 한도리 계정 판매 양도 쿨 카 위주 키우다 계정 양도 판매 하다 쿨니카팣 페스 치사 토사 만 돌 페스 히 마리 아야카 놓다 백스테 미사 키린코 아리사 문상 교환
53,뱅 드림 굿 즈 판매 하다 현재 급처 씩 낮추다 파다 은 로 늘다 늘다 맘찍후 디엠 문의 줄다 ㅅㅊㅇ 뱅 드림 거래 판매 굿 즈 뱅 드림 굿 즈 판매 양
54,뱅 드림 하나조노 타 부쿠부 아크릴 스탠드 판매 하다 공 계로 디엠 줄다
55,뱅 드림 반 도리 포핀 파티 포 피파 하나조노 타 포핀 드림 앨범 특전 포토 카드 각 판매 양 도합 니 일괄 구매 시 반택 비 부담 하다
56,뱅 드림 반 도리 포핀 파티 포 피파 하나조노 타 포핀 드림 앨범 특전 포토 카드 각 판매 양 도합 니 일괄 구매 시 반택 비 부담 하다
57,뱅 드림 일 도리 반 도리 한도리 계정 판매 양도 쿨 카 위주 키우다 계정 양도 판매 하다 쿨니카팣 페스 치사 토사 만 돌 페스 히 마리 아야카 놓다 백스테 미사 키린코 아리사 문상 교환
58,지금 뱅 드림 하다 창문 보다 밝다 이 맞다 임
59,나 어리다 때 그림 연습 걸 함 앙 스타 뱅 드림 방법 남캐 잘 그리다 앙 스타 이르다 내 그림 체 그리기 번 여캐 잘 그리다 뱅 드림 이르다 내 그림 체 그리기 번 그래서 진짜 하다 물어보다 두다 합치다 번
60,뱅 드림 패치 버블 하다 아야
61,뱅 드림 아오 바 모카 천사 님 모시다 ㅠㅠ 진짜 잘 해드리다 자신 천사 님 어디 계시다 ㅠㅠㅠ 뱅 드리다 바 모카 천사 님 여기
62,니 오시 네 명 모두 좋아하다 중 미즈 키 제일 좋아하다 미즈 루 이 미즈 루 이 네네 마 후카 미즈 마후 미즈 좋아하다 일 세카 계정 잃어버리다 한 세카 해 타 장르
63,올해 목표 뱅 드림 전곡 풀콤 스페셜 제외 ㅋㅋ 노스 그레이드 투덱 단 ㅋ 기타 등등
64,뱅 드림 반 도리 일 도리 한도리 계정 판매 양도 콜라보 라스 오다 크다 아야 웨딩 의상 칭호 핀츠 내리다
65,뱅 드림 사실 이 거 몇개 월 만 하다 개월 만인 것 같다 마침 또 햎젤리 이벵임
66,우익 병크 터지다 모르다 뱅 드림 프 세카 앙 스타 피 로스 추천
67,자동 트윗 모카 란뱅 드림 안코 하프 세카 메인 커플링 두다
68,뱅 드림 레즈 뵤들 파티
69,뱅 드림 레즈 뵤들 파티
70,뱅 드림 레즈 뵤들 파티
71,루미너스 뱅 드림 최강
72,루미너스 뱅 드림 최강
73,루미너스 이기다 곡 없다 생각 해 솔직하다 밴드 라스 뱅 드림 최애 곡
74,약간 뱅 드림 지금 잘 돼다 오늘 자다 글럿다
75,뱅 드림 요즘 너무 접속 안 하다 허허
76,사퍼 뱅 드림 본진 이다 서울 인천 주로 출몰 하다 뭔가 낮 익다 트친 츄 라이 츄 라이 흔적 남기다 ㅌㅊㅅ
77,뱅 드림 프로 세카 로 모 의 일지 패러디 폰트 찾다 글자 입력 해주다 빰님 무한 감사 올리다
78,뱅 드림 마츠바 카논 포카 포토 카드 판매 하다 위캔후레 관련 굿즈 판매 의사 철회 되다 수 디엠 문의 줄다
79,뱅 드림 곡 이름 말 한 거얏 늘다 대응
80,뱅 드림 반 도리 포핀 파티 포 피파 하나조노 타 포핀 드림 앨범 특전 포토 카드 각 판매 양 도합 니 일괄 구매 시 반택 비 부담 하다
81,뱅 드림 좀비랜드 사가 리벤지 콜라보 로그인
82,대단하다 난 지금 뱅 드림 조지 잇다 말 그대로 조지 잇다
83,뱅 드림 프 세카 앙 스타 다 하다 뭘 원하다
84,뱅 드림 하다 분 없다 다 들다 프 세카 하
85,프 세카 프로 세카 투디 원더 쇼 오시 성인 한 섭 유저 용 루 이 네네 좋아하다 프 세카 외 뱅 드림 얘기 차 창작 하다 무 메다 팔 해
86,뱅 드림 세타 카오루 로미오 부르다 신나다 카오루 그걸 지켜보다 아기 고양이 들
87,뱅 드림 프로 세카 로 모 의 일지 패러디 폰트 찾다 글자 입력 해주다 빰님 무한 감사 올리다
88,뱅 드림 프로 세카 로 모 의 일지 패러디 폰트 찾다 글자 입력 해주다 빰님 무한 감사 올리다
89,뱅 드림 친구 하다 사람
90,뱅 드림 거유 들 ㄹㅇ 묵직하다 느낌 프세카 그렇다 없다 대신 혼 모노 빈유 잘 보이다 건 조음
91,나 어리다 때 그림 연습 걸 함 앙 스타 뱅 드림 방법 남캐 잘 그리다 앙 스타 이르다 내 그림 체 그리기 번 여캐 잘 그리다 뱅 드림 이르다 내 그림 체 그리기 번 그래서 진짜 하다 물어보다 두다 합치다 번
92,뱅 드림 익스 다깨놧 던 계정 지우다 후회 중
93,뱅 드림 기념 이르다 들다 너무 좋다 옛날 거가 특히
94,년도 뱅 드림 이르다 스타일 좋아하다 유리 깔끔하다 반짝거리다 섬세하다 그림 체
95,아니다 뱅 드림 노래 좋다 건 다 너무 어렵다 깨다 함 ㅁ
96,뱅 드림 프로 세카 로 모 의 일지 패러디 폰트 찾다 글자 입력 해주다 빰님 무한 감사 올리다
97,뱅 드림 로젤리아 시로 가다 린코 위고 아크릴 판매 하다 편하다 디엠 줄다
98,프 세카 뱅 드림 풀콤 대리 작 첫 문의 주다 맘찍 주시 감사하다 오픈 채팅 방 문의 주시 것 보다 이 읽다 쉽다 그래도 혹시 모르다 링크 남다
99,걍 택포 가져가다 분 뱅 드림 모 르포 카 후 타바 츠쿠시 마루이 아크릴 스탠드 판매 양도 거래 전 디자인 혹 하다 만원 대 구 매 햇 엇어 구 하다 힘들다 흔적 남기다 디엠 줄다 아 묻다 따다 쿨거
100,타장르 언급 뱅 드림 앙 스타
101,뱅 드림 프 세카 앙 스타 순 시작 하다 뱅 드림 프세카 스무 스 한 데 앙 스타 너무 어렵다
102,저 앙 스타 남돌 뱅 드림 여고생 밴드 부쪽
103,뱅 드림 장터 뱅 드림 로젤리아 아크릴 스트랩 가챠 이마이 리사 미개 봉 배 밉다 포 일괄
104,뱅 드림 브리키 댄스 그렛 얘 그렛 어디서 많이 뜨다 브리키 오다 잡다 ㅋㅋㅋㅋㅋ
105,나 어리다 때 그림 연습 걸 함 앙 스타 뱅 드림 방법 남캐 잘 그리다 앙 스타 이르다 내 그림 체 그리기 번 여캐 잘 그리다 뱅 드림 이르다 내 그림 체 그리기 번 그래서 진짜 하다 물어보다 두다 합치다 번
106,진심 버스 안 뱅 드림 풀콤 치다 멀미 안남
107,뱅 드림 모 르포 카 말다 위주 굿 즈 판매 하다 개별 뱃지 뱃지 으 로 구매 해주다 테루테루보즈 키링 필름 라이브 아크릴 스탠드 라이브 뱃지
108,뱅 드림 굿 즈 판매 하다 현재 급처 씩 낮추다 파다 은 로 늘다 늘다 맘찍후 디엠 문의 줄다 ㅅㅊㅇ 뱅 드림 거래 판매 굿 즈 뱅 드림 굿 즈 판매 양
109,뱅 드림 일 도리 돌다 판매 타래 대부분 밉다 진행 계 이다 교환 문의 약 네 가능하다 문의 줄다 페스 돌다 위주 원하다 카드 계정 찾다 드리다 가능하다 거래 전 메인 트 확인 필수
110,뱅 드림 와카 레이 레이 포토 카드 아크릴 키링 소 분하다 일괄 받다 메루 카리 구매 상품 이다 차금 남다 메루 카리 특성 자다 알 계시다 분만 참여 부탁드리다 차금 라스 레
111,야 너 혹시 뱅 드림 해 저 가방 속 로젤리아 응원봉 쥐 그렇다 씹덕 겜 왜 하다 둥 말 꺼내다 살해 하다 생각 이다 하지만 나 히 마리 너무 좋다 야 잘 돼다 협라할
112,뱅 드림 파 레오 뉴 바라다 레오나 굿 즈 판매 하다 다수 구매 우대 하다 티켓 풍 스티커 별 뱃지 메탈 챰 부쿠부 로손 아크릴 스탠드 주년 트레이딩 뱃지 별 키링 클립
113,뱅 드림 일 도리 계정 구해 계정 날리다 아래 롯 카리 살다 꼭 계정 거나 다른 멤버 불젤 파츠 좋다 스토리 다 열람 오히려 좋다 퀘스트 완료 괜찮다 플레이 하다 수
114,뱅 드림 레이 와카 레이 굿 즈 판매 하다 필름 라이브 특전 장 일괄 미니 피 규어 개 일괄 두 물품 일 괄시 드리다 공 계로 디엠 줄다
115,자동 트윗 미타 케 란뱅 드림 히노 모리 시 호프 세카 최애 두다
116,젠 뱅 드림 안 해봤다 슴 다
117,들다 뱅 드림 하다 싶다 ㅋ 님 과제 언제 하다 요
118,뱅 드림 하나조노 타 부쿠부 아크릴 스탠드 판매 하다 공 계로 디엠 줄다
119,권 실장 말다 채다 린지 김 배우 부모님 살다 남자 밉다 남자 싫다 죽여주다 뱅 드림 같이 해주다 에어팟 왼쪽 귀 끼다 미안하다 사랑 하다
120,앗 혹시 메인트 사용 하다 소 개표 분 계시다 뱅 드림 프 세카 소 개표 찾다
121,프 세카 뱅 드림 둘 다 하다 다 한 섭 함
122,너무나 크다 충격 그만 틔터 들어오다 아니다 실화 고 뱅 드림 한정 뽑기 무기한 그거 리사 노리 또 돌리다 무지개 심지어 리사 실루엣 뜨다 미치다 외치다 뽑다
123,나 어리다 때 그림 연습 걸 함 앙 스타 뱅 드림 방법 남캐 잘 그리다 앙 스타 이르다 내 그림 체 그리기 번 여캐 잘 그리다 뱅 드림 이르다 내 그림 체 그리기 번 그래서 진짜 하다 물어보다 두다 합치다 번
124,나 어리다 때 그림 연습 걸 함 앙 스타 뱅 드림 방법 남캐 잘 그리다 앙 스타 이르다 내 그림 체 그리기 번 여캐 잘 그리다 뱅 드림 이르다 내 그림 체 그리기 번 그래서 진짜 하다 물어보다 두다 합치다 번
125,비계 팅 투디 단간론파 프세카데레스 테뱅 드림 비계 선팔
126,뱅 드림 돌다 대행 만 돌다 바이오 오픈 채팅 문의 줄다 ㅅㅊㅇ 뱅 드림 반 도리 대리 판매 구매 대다 풀콤작 쿨 피파 찐완 찐완덱 올 한정 한정 페스 드페 키페 키라 페스 돌다 대행 구함 구해
127,뱅 드림 틧할때 협 하 재다 ㅋㅋㅋㅋ 걍 겜창 언니
128,뱅 드림 필름 라이브 레이 특전 양 도합 니 운 밉다 우편 준 등기 반택 이다 디엠 오류로 꼭 멘션 함께 남기다 빠르다 확인 가능하다
129,뱅 드림 굿 즈 판매 하다 현재 급처 씩 낮추다 파다 은 로 늘다 늘다 맘찍후 디엠 문의 줄다 ㅅㅊㅇ 뱅 드림 거래 판매 굿 즈 뱅 드림 굿 즈 판매 양
130,뱅 드림 굿 즈 판매 하다 현재 급처 씩 낮추다 파다 은 로 늘다 늘다 맘찍후 디엠 문의 줄다 ㅅㅊㅇ 뱅 드림 거래 판매 굿 즈 뱅 드림 굿 즈
131,뱅 드림 일 도리 반 도리 한도리 계정 판매 양도 쿨 카 위주 키우다 계정 양도 판매 하다 쿨니카팣 페스 치사 토사 만 돌 페스 히 마리 아야카 놓다 백스테 미사 키린코 아리사 문상 교환
132,뱅 드림 일 도리 돌다 판매 타래 대부분 밉다 진행 계 이다 교환 문의 약 네 가능하다 문의 줄다 페스 돌다 위주 원하다 카드 계정 찾다 드리다 가능하다 거래 전 메인 트 확인 필수
133,뱅 드림 로젤리아 시로 카 린코 생일 굿 즈 박스 양도 받다 되다 풀셋 선호 하나 아크릴 개별 도 구매 하다 생각 가격 웬만하다 맞추다 드리다 적다 디엠 부탁드리다 간절하다 구 해보다 반 도리 양도 공
134,한국어 자막 뱅 드림 애니메이션 애니플러스 보다
135,뱅 드림 굿 즈 파다 다 팔리다 알티 해주다 분들 중 하다 분 뽑다 드리다 부터 거래 하다 궁금하다 점 연락 줄다 반택 편택
136,뱅 드림 사 마 스키 나 나미 오시 그런데 요즘 레이 너무 좋다 오다 캐다 이다 고삼 접률 보장 힘들다 그래도 함께 해주다 분 모시다 리겜 장르 위주 타장르 섞이다
137,뱅 드림 반 도리 레이즈 스이렌 라스 포카 교환 양도 와카 레이 레이 사토 마 스키 마스 킹 타마 데 치유 츄츄 뉴 바라다 레오나 파 레오 아사히 롯카 록
138,뱅 드림 레이즈 스이렌 라스 포카 교환 구합 니 저 세 크리드 월드 록 세 크리드 월드 레이 교환 아니다 레이 포카 판매 받다 찌르다 디엠 후 멘션 부탁드리다
139,뱅 드림
140,뱅 드림 일 도리 반 도리 한도리 계정 판매 양도 쿨 카 위주 키우다 계정 양도 판매 하다 쿨니카팣 페스 치사 토사 만 돌 페스 히 마리 아야카 놓다 백스테 미사 키린코 아리사
141,반 도리 일 도리 뱅 드림 한정 페스 돌다 판매 대행 주년 드림 페스 포함 계정 사진 타래 확인 구매 문의 사진 혹은 번호 함께 연락 주 시기 바라다
142,아 ㅁㅊ 하필 뱅 드림
143,나 뱅 드림 접속 아예 안 돼다
144,비계 팅 투디 단간론파 프세카데레스 테뱅 드림 비계 선팔
145,리겜 하나 하다 싶다 프세카 뱅 드림 중 고민
146,나 어리다 때 그림 연습 걸 함 앙 스타 뱅 드림 방법 남캐 잘 그리다 앙 스타 이르다 내 그림 체 그리기 번 여캐 잘 그리다 뱅 드림 이르다 내 그림 체 그리기 번 그래서 진짜 하다 물어보다 두다 합치다 번
147,비계 팅 러브라이브 샤니 마스 프 세카 주력 외 데레스테 아이 프라 원 신 두근두근 문 예부 단간론파 파라 라이 뱅 드림 하다 러브 이 버 환영 제발 가끔 공 계로 돌리다 선팔 주시 바로 맞팔 해드리다
148,프 세카 프로 세카 투디 원더 쇼 오시 성인 한 섭 유저 용 루 이 네네 좋아하다 프 세카 외 뱅 드림 얘기 차 창작 하다 무 메다 팔 해
149,프 세카 프로 세카 투디 원더 쇼 오시 성인 한 섭 유저 용 루 이 네네 좋아하다 프 세카 외 뱅 드림 얘기 차 창작 하다 무 메다 팔 해
150,프 세카 프로 세카 투디 원더 쇼 오시 성인 한 섭 유저 용 루 이 네네 좋아하다 프 세카 외 뱅 드림 얘기 차 창작 하다 무 메다 팔 해
151,뱅 드림 ㅅㅂ 노답 하다 그만 둿 어
152,뱅 드림 사 마 스키 나 나미 오시 그런데 요즘 레이 너무 좋다 오다 캐다 이다 고삼 접률 보장 힘들다 그래도 함께 해주다 분 모시다 리겜 장르 위주 타장르 섞이다
153,나 어리다 때 그림 연습 걸 함 앙 스타 뱅 드림 방법 남캐 잘 그리다 앙 스타 이르다 내 그림 체 그리기 번 여캐 잘 그리다 뱅 드림 이르다 내 그림 체 그리기 번 그래서 진짜 하다 물어보다 두다 합치다 번
154,뱅 드림 반 도리 일 도리 도리 베다 오다 크다 돌다 판매 하다 가챠 외 다르다 건드리다 않다 각각
155,뱅 드림 일일 카페 수요 조사 주인 님 들다 모시다 인수 메이드 로젤리아 궁금하다 않다 가요 특별하다 대접 하다 드리다 어서 오다 주인 님 년 봄 계최 예정 한 타임 진행 손님
156,뱅 드림
157,자동 트윗 뱅 드림 프 세카 장르 계 이다 타장르 불편하다 분 들 블언블 썰다
158,나 어리다 때 그림 연습 걸 함 앙 스타 뱅 드림 방법 남캐 잘 그리다 앙 스타 이르다 내 그림 체 그리기 번 여캐 잘 그리다 뱅 드림 이르다 내 그림 체 그리기 번 그래서 진짜 하다 물어보다 두다 합치다 번
159,뱅 드림 로젤리아 시로 카 린코 생일 굿 즈 박스 양도 받다 되다 풀셋 선호 하나 아크릴 개별 도 구매 하다 생각 가격 웬만하다 맞추다 드리다 적다 디엠 부탁드리다 간절하다 구 해보다
160,투디 투디 만화책 보다 거 좋아하다 뱅 드림 프 세카 앙 스타 아이 나나 히프 마이 프리 다양하다 장르 파다
161,뱅 드림 아오 바 모카 천사 님 모시다 ㅠㅠ 진짜 잘 해드리다 자신 천사 님 어디 계시다 ㅠㅠㅠ 뱅 드리다 바 모카 천사 님 여기
162,뱅 드림 사토 마 스키 마스 킹 굿 즈 처분 판매 하다 사진 별로 묶음 일괄 판매 개별 가격 소 분 용다 디엠 문의 줄다 네 모 표시 미개 봉 미전 시품 일괄 구매 시 슈발츠
163,홈스 턱 기력 없다 대학생 트친 해주다 비록 홈스 턱 연성 없다 명 일방 주 소녀 전선 프로 세카 뱅 드림 페 오 블루아 카를 다 고연 성 없다 트친 해주다 데이브 더크 좋아하다
164,뱅 드림 하나 미치다 자본 맵다 ㅋㅋㅋㅋㅋㅋㅋㅋㅋㅋ 디포 디제 올라가다
165,뱅 드림 미타 케 란 누 이 누 이 구루미 인형 교복 인형 각 판매 양도 하다 전시 해 두 어서 눈 띄다 하자 없다 디엠 물어보다 말씀 드리다 디엠 주시 멘션 맘찍 해주다
166,뱅 드림 미타 케 란 누 이 누 이 구루미 인형 교복 인형 각 판매 양도 하다 전시 해 두 어서 눈 띄다 하자 없다 디엠 물어보다 말씀 드리다 디엠 주시 멘션 맘찍 해주다
167,뱅 드림 아오 바 모카 천사 님 모시다 ㅠㅠ 진짜 잘 해드리다 자신 천사 님 어디 계시다 ㅠㅠㅠ 뱅 드리다 바 모카 천사 님 여기
168,뱅 드림 미타 케 란 누 이 누 이 구루미 인형 교복 인형 각 판매 양도 하다 전시 해 두 어서 눈 띄다 하자 없다 디엠 물어보다 말씀 드리다 디엠 주시 멘션 맘찍 해주다
169,뱅 드림 아오 바 모카 천사 님 모시다 ㅠㅠ 진짜 잘 해드리다 자신 천사 님 어디 계시다 ㅠㅠㅠ 뱅 드리다 바 모카 천사 님 여기
170,나다 뱅 드림 디포 디제 두다 팔다 돈 부족하다
171,홈스 턱 기력 없다 대학생 트친 해주다 비록 홈스 턱 연성 없다 명 일방 주 소녀 전선 프로 세카 뱅 드림 페 오 블루아 카를 다 고연 성 없다 트친 해주다 데이브 더크 좋아하다
172,뱅 드림 아오 바 모카 천사 님 모시다 ㅠㅠ 진짜 잘 해드리다 자신 천사 님 어디 계시다 ㅠㅠㅠ 뱅 드리다 바 모카 천사 님 여기
173,나 어리다 때 그림 연습 걸 함 앙 스타 뱅 드림 방법 남캐 잘 그리다 앙 스타 이르다 내 그림 체 그리기 번 여캐 잘 그리다 뱅 드림 이르다 내 그림 체 그리기 번 그래서 진짜 하다 물어보다 두다 합치다 번
174,뱅 드림 아오 바 모카 천사 님 모시다 ㅠㅠ 진짜 잘 해드리다 자신 천사 님 어디 계시다 ㅠㅠㅠ 뱅 드리다 바 모카 천사 님 여기
175,뱅 드림 뱃지 일괄 양 도합 니 이 장르 자다 모르다 점 양해 부탁드리다 ㅠㅠ 뱅 드림 장터 뱅 장
176,나 어리다 때 그림 연습 걸 함 앙 스타 뱅 드림 방법 남캐 잘 그리다 앙 스타 이르다 내 그림 체 그리기 번 여캐 잘 그리다 뱅 드림 이르다 내 그림 체 그리기 번 그래서 진짜 하다 물어보다 두다 합치다 번
177,뱅 드림 그렛 ㅋㅋㅋㅋㅋㅋ 달다 나다 렛 어떻다 한 거 ㅋㅋㅋㅋㅋ 진짜 오다 하 어렵다 느껴졐 ㅋㅋㅋ 사실 감기 약 먹다 자다 안되다 걍 달리
178,뱅 드림 걸즈 밴드 파티 이 치가 아리사 개인 봇 천사 님 모시다 표 주의 사항 읽다 표 작성 하다 후 오다 오픈 카카오 톡 링크 이다 이 쪽 편하다 이 쪽
179,뱅 드림 굿 즈 슈발츠 판매 하다 장 당 첫 번째 사진 홀로 장 당 월드 페어 아야
180,뱅 드림 꼬옥 그렛 오오 얘 나중 잘 하다 잡다 그나마 집중 좀 잘 하다
181,뱅 드림 아오 바 모카 천사 님 모시다
182,나 어리다 때 그림 연습 걸 함 앙 스타 뱅 드림 방법 남캐 잘 그리다 앙 스타 이르다 내 그림 체 그리기 번 여캐 잘 그리다 뱅 드림 이르다 내 그림 체 그리기 번 그래서 진짜 하다 물어보다 둘
183,뱅 드림 아오 바 모카 천사 님 모시다 ㅠㅠ 진짜 잘 해드리다 자신 천사 님 어디 계시다 ㅠㅠㅠ 뱅 드리다 바 모카 천사 님 여기
184,뱅 드림 굿 즈 파다 다 팔리다 알티 해주다 분들 중 하다 분 뽑다 드리다 부터 거래 하다 궁금하다 점 연락 줄다 반택 편택
185,홈스 턱 기력 없다 대학생 트친 해주다 비록 홈스 턱 연성 없다 명 일방 주 소녀 전선 프로 세카 뱅 드림 페 오 블루아 카를 다 고연 성 없다 트친 해주다 데이브 더크 좋아하다
186,뱅 드림 반 도리 굿 즈 판매 양도 히로 마치 나 나미 아크릴 스탠드 아쿠스타 판매 하다 왼쪽 순서대로 방 에잇 아크릴 방 나인 아크릴 부시 로드 샵 초기 아크릴 성 아크릴 일
187,뱅 드림 바이스 슈발츠 랜덤 판매 양도 장 레어 포함 중복 좋아하다 밴드 멤버 같이 얘기 하다 줄다 얘기 하다 걸 기준 장 랜덤 구성 되다 여러 밴드 멤버 얘기 하다 장
188,뱅 드림 반 도리 이 치가 아리사 미나토 유키나 굿 즈 판매 양 도합 니 시세 자다 모르다 처분 목적 어느 정도 상식 적 가격 이기만 하다 시 주시 가격 바로 판매 하다 편하다 문의 줄다 일괄 우대 하다 캔 뱃지 일괄 로만 판
189,뱅 드림 필름 라이브 모 르포 카 키 리가 토우코 특전 색 판매 하다 운 밉다 포 문의 디엠 줄다 뱅 드림 반 도리 필름 라이브 모니카 모 르포 카 키라 가야 토우코 판매 양도
190,뱅 드림 굿 즈 판매 양도 파다 부쿠부 피 규어 키링 슈발츠 쥬얼 아크릴 키링 별 키링 타 일괄 유키나 일괄 부쿠부 피 규어 키링 별 키링 밉다 개봉 이다 하트 홀로그램 슈발츠 중고 사 용감
191,뱅 드림 반 도리 일 도리 한정 페스 돌다 판매 도리 베다 가챠 오다 크다 만 돌 페르소나 히 마리 만 돌 키라 페스 토모 말다 웨딩 가차 오다 크다 만 돌 원
192,뱅 드림 굿 즈 판매 양도 파다 모 르포 카 후 타바 츠쿠시 블룸 블룸 앨범 특전 포카 양 도합 니
193,뱅 드림 반 도리 방 도리 모 르포 카 후 타바 츠쿠시 데이라이트 포토 카드 회원 증 디오라마 판매 하다 메인 트윗 확인 후 디엠 줄다 전부 단 순 개봉 해봤다 예민하다 분하다 일괄 급전 쓰이다 가격 싸다
194,홈스 턱 기력 없다 대학생 트친 해주다 비록 홈스 턱 연성 없다 명 일방 주 소녀 전선 프로 세카 뱅 드림 페 오 블루아 카를 다 고연 성 없다 트친 해주다 데이브 더크 좋아하다
195,뱅 드림 일 도리 깔다 돌다 계정 판매 하다 밴드 스토리 안 읽다 키라 페스 토모 말다 웨딩 마야
196,나 어리다 때 그림 연습 걸 함 앙 스타 뱅 드림 방법 남캐 잘 그리다 앙 스타 이르다 내 그림 체 그리기 번 여캐 잘 그리다 뱅 드림 이르다 내 그림 체 그리기 번 그래서 진짜 하다 물어보다 두다 합치다 번
197,플 엑 코스 어 목요일 뱅 드림 란 참여 하다 플 엑 첫날 코스 어분 들 많이 못 보다 아쉽다 재밌다 플 엑 다녀오다 기념 다음 꼭 주말
198,나 어리다 때 그림 연습 걸 함 앙 스타 뱅 드림 방법 남캐 잘 그리다 앙 스타 이르다 내 그림 체 그리기 번 여캐 잘 그리다 뱅 드림 이르다 내 그림 체 그리기 번 그래서 진짜 하다 물어보다 두다 합치다 번
199,앙 스타 갈아타다 뱅 드림 오랜 만 하다 개 어색하다
200,문재인 지지자 뱅 드림 한도리 협
201,뱅 드림 굿 즈 마스 킹 모리 체크 모리 척 누 이 구합 니 문의 디엠 부탁드리다
202,뱅 드림 이 치가 아리사 넨도 카페 아크릴 하나조노 타 에이치 가야 아리사 필름 라이브 색 오다 카미 이브 부쿠부 스트랩 기모노 여름 아크릴 판매 하다 일괄 시 운포 문의
203,뱅 드림 굿 즈 판매 양도 파다 모 르포 카 후 타바 츠쿠시 블룸 블룸 앨범 특전 포카 양 도합 니
204,뱅 드림 굿 즈 마스 킹 모리 체크 모리 척 누 이 구합 니 문의 디엠 부탁드리다
205,뱅 드림 굿 즈 판매 하다 자세하다 링크 이동 부탁드리다 ㅅㅊ 카 스미다 란 아야 유키나 코코 말다 레이 로젤리아 사 리사 린코 아코 츄츄 이브 파 레오
206,뱅 드림 굿 즈 판매 양도 파다 부쿠부 피 규어 키링 슈발츠 쥬얼 아크릴 키링 별 키링 타 일괄 유키나 일괄 부쿠부 피 규어 키링 별 키링 밉다 개봉 이다 하트 홀로그램 슈발츠 중고 사
207,뱅 드림 굿바이 선언 개 빡치다 롱 노트 한번 틀리다 노트 통째 사라지다 피 훅훅 깍이다 아악
208,뱅 드림 반 도리 방 도리 모 르포 카 후 타바 츠쿠시 데이라이트 포토 카드 회원 증 디오라마 판매 하다 메인 트윗 확인 후 디엠 줄다 전부 단 순 개봉 해봤다 예민하다 분하다 일괄 급전 쓰이다
209,뱅 드림 굿 즈 마스 킹 모리 체크 모리 척 누 이 구합 니 문의 디엠 부탁드리다
210,뱅 드림 굿 즈 양도 판매 하다 아리사 부쿠부 아크릴 마 스키 부쿠부 피 규어 키링 모카 광상곡 파 레오 롯카 세 크리드 히 슈 도리 히 유라 링 동 포카
211,나 어리다 때 그림 연습 걸 함 앙 스타 뱅 드림 방법 남캐 잘 그리다 앙 스타 이르다 내 그림 체 그리기 번 여캐 잘 그리다 뱅 드림 이르다 내 그림 체 그리기 번 그래서 진짜 하다 물어보다 두다 합치다 번
212,코스 어 코스 어 코스프레 틱톡 계정 잃어버리다 김 엽니 월 일 일요일 서울 코믹월드 참가 하다 네 무 하다 뱅 드림 은혼 등등 애니 관련 트윗 살짝 예정 이다 첫 서코
213,나 어리다 때 그림 연습 걸 함 앙 스타 뱅 드림 방법 남캐 잘 그리다 앙 스타 이르다 내 그림 체 그리기 번 여캐 잘 그리다 뱅 드림 이르다 내 그림 체 그리기 번 그래서 진짜 하다 물어보다 두다 합치다 번
214,뱅 드림 츄츄 타마 데 치유 라스 위주 굿 즈 위주 파다 일괄 다수 개별 순 우대 하다 하자 예민하다 신분 들 삼가다 해주다 자세하다 디엠 물어보다
215,투디 넘다 심심하다 열다 보다 뱅 드림 프 세카 하다 앙 스타 다 파 잡덕 중 잡 덕이 애니 많이 파다 웬만하다 장르 다 파니 아무나 편하다 오다 친해지다 언제 레진 탑
216,뱅 드림 카 스미다 치어리더 트레이딩 캔 뱃지 미개 봉 양도 하다 운 밉다 포 로 양 도합 니 디엠 주 세용
217,뱅 드림 츄츄 타마 데 치유 라스 위주 굿 즈 위주 파다 일괄 다수 개별 순 우대 하다 하자 예민하다 신분 들 삼가다 해주다 자세하다 디엠 물어보다
218,최소 이상 거래 하다 사진 가격 적히다 전체 적 개봉 후 전시 해 두다 하다 상품 자세하다 하자 확인 하다 디엠 부탁드리다 자세하다 사항 타래 적다 두다 레이 뱅
219,나 어리다 때 그림 연습 걸 함 앙 스타 뱅 드림 방법 남캐 잘 그리다 앙 스타 이르다 내 그림 체 그리기 번 여캐 잘 그리다 뱅 드림 이르다 내 그림 체 그리기 번 그래서 진짜 하다 물어보다 두다 합치다 번
220,뱅 드림 그렛 얜 좀 힘드다 곡 이기다 하다 ㅋㅋ 그래도 나쁘다 않다 ㅋㅋㅋㅋ
221,뱅 드림 필름 라이브 필라 마루 야마 아야 트레이딩 스퀘어 캔 뱃지 양도 하다 두 개 일괄 운 밉다 포 양 도합 니 디엠 줄다
222,뱅 드림 일 도리 깔다 돌다 계정 판매 하다 밴드 스토리 안 읽다 키라 페스 토모 말다 웨딩 마야
223,데 레스 테 밀리 샤니 뱅 드림 아이돌 프라이드 점령 ㄱㄱ 난 이 거 다 파서
224,ㄹㅇ 다모 임 직장인 밴드 나 아직 졸업 못햇 어쨋 논문 읽다 싫다 노래 듣다 논문 써다 보다 의지 생기다 긍정 적 효과 지리다
225,뱅 드림 뱅 드림 아리사 조아하다 잇다 굿 즈 소소하다 모으다 게임 하다 잇다 친해지다 같이 뱅 드림 해 저 도모 닷 치 하다 자다 맞다 분만 무 메다 팔로 찾아가다 맞괄 꼬
226,뱅 드림 사 마 스키 나 나미 오시 그런데 요즘 레이 너무 좋다 오다 캐다 이다 고삼 접률 보장 힘들다 그래도 함께 해주다 분 모시다 리겜 장르 위주 타장르 섞이다
227,뱅 드림 지뢰 알다 피하 이별 블언블 하다 흔적 남기다 찾아가다 뱅 드림 뱅 드림
228,뱅 드림 렙 렙못깨 사람 프 세카 도전
229,뱅 드림 장터 뱅 드림 미나토 유키나 파자마 아크릴 반택 포 양 도합 니 개봉 전시품 오피 피 생활 감 점 양해 부탁드리다 흔적 후 디엠 줄다
230,뱅 드림 반 도리 이 치가 아리사 미나토 유키나 굿 즈 판매 양 도합 니 시세 자다 모르다 처분 목적 어느 정도 상식 적 가격 이기만 하다 시 주시 가격 바로 판매 하다 편하다 문의 줄다 일괄 우대 하다
231,뱅 드림 반 도리 깔다 돌다 처분 목적 파다 생 이다 오다 크다 히 나 파츠 약 진행 계 퓨 라스 파츠 햎젤 파츠 타래
232,뱅 드림 사 마 스키 나 나미 오시 그런데 요즘 레이 너무 좋다 오다 캐다 이다 고삼 접률 보장 힘들다 그래도 함께 해주다 분 모시다 리겜 장르 위주 타 장
233,나 어리다 때 그림 연습 걸 함 앙 스타 뱅 드림 방법 남캐 잘 그리다 앙 스타 이르다 내 그림 체 그리기 번 여캐 잘 그리다 뱅 드림 이르다 내 그림 체 그리기 번 그래서 진짜 하다 물어보다 두다 합치다 번
234,나 어리다 때 그림 연습 걸 함 앙 스타 뱅 드림 방법 남캐 잘 그리다 앙 스타 이르다 내 그림 체 그리기 번 여캐 잘 그리다 뱅 드림 이르다 내 그림 체 그리기 번 그래서 진짜 하다 물어보다 두다 합치다 번
235,뱅 드림 바이스 슈발츠 랜덤 판매 양도 장 레어 포함 중복 좋아하다 밴드 멤버 같이 얘기 하다 줄다 얘기 하다 걸 기준 장 랜덤 구성 되다 여러 밴드 멤버 얘기 하
236,앙 스타 프세카 뱅 드림
237,뱅 드림 ㅁㄴ 설 월화 그렛 미스 세다 이치 니 싸다 하이 플릭 인식 안되다 진짜 ㅠㅠ
238,뱅 드림 미타 케 란 카드 판매 양도
239,뱅 드림 굿 즈 판매 하다 일괄 배 밉다 포 개별 구매 불가능하다 편하다 디엠 줄다 ㅅㅊㅇ 홍대 던전 홍던 코코 미셸 미사 키 하 구미 카 스미다 카오루 하 로 하피 양도
240,뱅 드림 슈 도리 포카 부쿠부 아크릴 교환 슈 도리 치사 토 부쿠부 치사 토 슈 도리 히 부쿠부 이브 리사 파 레오 하자 없다 제품 이다 편하다 디엠 줄다 ㅅㅊㅇ 반 도리 파스 파레 판매 양도
241,뱅 드림 히로 마치 나 나미 코미케 디오라마 아크릴 양도 판매 하다 운 밉다 포 판매 하다
242,뱅 드림 반 도리 라스 위주 굿 즈 판매 하다 전부 운 밉다 포 가격 이다 표시 하자 타래 기재
243,뱅 드림 구매 특전 스티커 교환 아야 프레젠트 플라워 마루 야마 아야 일반 판매 디엠 문의 부탁드리다 애니메이트 월드 페어 굿 즈 양도
244,뱅 드림 성 아크릴 파 레오 츄츄 미개 봉 파 레오 테루테루보즈 판매 하다 일괄 운 밉다
245,나 어리다 때 그림 연습 걸 함 앙 스타 뱅 드림 방법 남캐 잘 그리다 앙 스타 이르다 내 그림 체 그리기 번 여캐 잘 그리다 뱅 드림 이르다 내 그림 체 그리기 번 그래서 진짜 하다 물어보다 두다 합치다 번
246,뱅 드림 일 도리 고 랭 계 성 장 한정 페스 장 광산 계 파다 파다 스토리 열람 완료 차 컬파 카페나 위고 계정 이다 쿨젤 완덱 쿨 피파 파츠 외 파츠 다수 빙고 아직 남다 돌
247,쿨젤 초반 진행 계 일 도리 뱅 드림 리제 린코 계정 눌 ㄱㄴ 개 급하다
248,공감 되다 뱅 드림 라운지 대화 볼 때 자기 보고 싶다 대화 가장 마지막 보여주다 빡치다 보고 싶다 대화 안 보여주다 다음 화면 넘어가다 빡치다
249,뱅 드림 계정 시가 판매 양 도합 니 햎젤 파츠 햎글 파츠 페스 츠 구미 토우코 이브 아리사 히 마리 유키나 한정 발렌 오다 크다 사 츠 구미 주년 오다 크다 미사 키 린코 아리사 앱글 크리스마스 오다 크다 아리사 사 아야 미사
250,뱅 드림 사 생일 카드 오다 크다 계정 시가 판매 양 도합 니 키라 페스 토모 말다 카 스미다 페스 히 문의 또는 옾챗주세
251,야 너 혹시 뱅 드림 해 저 가방 속 로젤리아 응원봉 쥐 그렇다 씹덕 겜 왜 하다 둥 말 꺼내다 살해 하다 생각 이다 하지만 나 히 마리 너무 좋다 야 잘 돼다 협라할
252,뱅 드림 반 도리 라스 파 레오 성 아크릴 양 도합 니 개다 미개 봉 재고 개 반택 편택 오픈 채팅 줄다
253,야 너 혹시 뱅 드림 해 저 가방 속 로젤리아 응원봉 쥐 그렇다 씹덕 겜 왜 하다 둥 말 꺼내다 살해 하다 생각 이다 하지만 나 히 마리 너무 좋다 야 잘 돼다 협라할
254,나 어리다 때 그림 연습 걸 함 앙 스타 뱅 드림 방법 남캐 잘 그리다 앙 스타 이르다 내 그림 체 그리기 번 여캐 잘 그리다 뱅 드림 이르다 내 그림 체 그리기 번 그래서 진짜 하다 물어보다 두다 합치다 번
255,뱅 드림 사 생일 카드 오다 크다 계정 시가 판매 양 도합 니 키라 페스 토모 말다 카 스미다 페스 히 문의 또는 옾챗주세
256,뱅 드림 성 아크릴 파 레오 츄츄 미개 봉 파 레오 테루테루보즈 판매 하다 일괄 운 밉다
257,나 어리다 때 그림 연습 걸 함 앙 스타 뱅 드림 방법 남캐 잘 그리다 앙 스타 이르다 내 그림 체 그리기 번 여캐 잘 그리다 뱅 드림 이르다 내 그림 체 그리기 번 그래서 진짜 하다 물어보다 두다 합치다 번
258,뱅 드림 반 도리 라스 파 레오 성 아크릴 양 도합 니 개다 미개 봉 재고 개 반택 편택 오픈 채팅 줄다
259,뱅 드림 계정 시가 판매 양 도합 니 햎젤 파츠 햎글 파츠 페스 츠 구미 토우코 이브 아리사 히 마리 유키나 한정 발렌 오다 크다 사 츠 구미 주년 오다 크다 미사 키 린코 아리사 앱글 크리스마스 오다 크다 아리사
260,오랜 만 뱅 드림 켜봄
261,트 넨도 장터 넨 신 매매 넨도 소 분 뱅 드림 넨도로이드 아오 바 모카 파츠 일부분 택미포 파다 왼쪽 얼굴 눈동자 쪽 하자 오른쪽 얼굴 귀걸이 양쪽 다 부러지다 몸통 오른쪽 옆구
262,뱅 드림 장터 뱅 드림 미나토 유키나 파자마 아크릴 반택 포 양 도합 니 개봉 전시품 오피 피 생활 감 점 양해 부탁드리다 흔적 후 디엠 줄다
263,오다 카미 이브 굿 즈 판매 뱅 드림 파스 파레 히 마야 아야 치사 토 뱅 드림 장터 개 이상 구매 부탁드리다 일괄 구매 우대 하다 전부 개봉 전시 피 규어 박스
264,뱅 드림 장터 뱅 드림 트레카 포토 카드 판매 하다 아야 큐마 플 포카 유키나 리사 오페라 포카 각 개 이상 구매 시 반택 포로 해 드리다
265,뱅 드림 라스 아크릴 핀 즈 아크릴 판매 하다 핀 즈 일괄 아크릴 스탠드 일괄 가지 전부 구매 시 전부 캐릭터 확인 위 단순 개봉 문의 주시 실물
266,트친 구함 일상 계 투디 애니 이 것 저 것 좋아하다 최근 주술 회전 체인소 맨 괴물 사변 귀 칼 이 것 저 것 다 봄 리겜 좋아하다 뱅 드림 프로 세카 제이팝 보컬로이드 등등 일본 노래 좋아하다 일상 글 자주
267,뱅 드림 장터 뱅 드림 미나토 유키나 파자마 아크릴 반택 포 양 도합 니 개봉 전시품 오피 피 생활 감 점 양해 부탁드리다 흔적 후 디엠 줄다
268,뱅 드림 섭종 아니다
269,오다 카미 이브 굿 즈 판매 뱅 드림 파스 파레 히 마야 아야 치사 토 뱅 드림 장터 개 이상 구매 부탁드리다 일괄 구매 우대 하다 전부 개봉 전시 피 규어 박스
270,쿨젤 초반 진행 계 일 도리 뱅 드림 리제 린코 계정 눌 ㄱㄴ 개 급하다
271,뱅 드림 이벤트 아찔하다 사람 들 너무 열심히 뛰다 위 포기 하다 위 안 들다 해주다
272,오늘 저 좀 거 하다 취 하다 뱅 드림 피버 타임 취하 오다
273,뱅 드림 구매 특전 스티커 교환 아야 프레젠트 플라워 마루 야마 아야 일반 판매 디엠 문의 부탁드리다 애니메이트 월드 페어 굿 즈 양도
274,친구 들 밴드 부 하다 한 은한 림 자신감 찾다
275,나 어리다 때 그림 연습 걸 함 앙 스타 뱅 드림 방법 남캐 잘 그리다 앙 스타 이르다 내 그림 체 그리기 번 여캐 잘 그리다 뱅 드림 이르다 내 그림 체 그리기 번 그래서 진짜 하다 물어보다 두다 합치다 번
276,뱅 드림 장터 뱅 드림 트레카 포토 카드 판매 하다 아야 큐마 플 포카 유키나 리사 오페라 포카 각 개 이상 구매 시 반택 포로 해 드리다
277,오다 카미 이브 굿 즈 판매 뱅 드림 파스 파레 히 마야 아야 치사 토 뱅 드림 장터 개 이상 구매 부탁드리다 일괄 구매 우대 하다 전부 개봉 전시 피 규어 박스
278,나 어리다 때 그림 연습 걸 함 앙 스타 뱅 드림 방법 남캐 잘 그리다 앙 스타 이르다 내 그림 체 그리기 번 여캐 잘 그리다 뱅 드림 이르다 내 그림 체 그리기 번 그래서 진짜 하다 물어보다 두다 합치다 번
279,나 어리다 때 그림 연습 걸 함 앙 스타 뱅 드림 방법 남캐 잘 그리다 앙 스타 이르다 내 그림 체 그리기 번 여캐 잘 그리다 뱅 드림 이르다 내 그림 체 그리기 번 그래서 진짜 하다 물어보다 두다 합치다 번
280,뱅 드림 장터 뱅 드림 트레카 포토 카드 판매 하다 아야 큐마 플 포카 유키나 리사 오페라 포카 각 개 이상 구매 시 반택 포로 해 드리다
281,뱅 드림 로젤리아 학생증 유키나 리사 사 일괄 반택 포 파다 사 약간 하자 상태 확인 해주다
282,약간 프리 파라 뱅 드림 때문 여캐 취향 뱅글 돌아가다 듯
283,뱅 드림 일 도리 고 랭 계 성 장 한정 페스 장 광산 계 파다 파다 스토리 열람 완료 차 컬파 카페나 위고 계정 이다 쿨젤 완덱 쿨 피파 파츠 외 파츠 다수 빙고 아직 남다
284,나 어리다 때 그림 연습 걸 함 앙 스타 뱅 드림 방법 남캐 잘 그리다 앙 스타 이르다 내 그림 체 그리기 번 여캐 잘 그리다 뱅 드림 이르다 내 그림 체 그리기 번 그래서 진짜 하다 물어보다 두다 합치다 번
285,뱅 드림 장터 뱅 드림 ㅇㄴ 님 치사 카논 비공식 굿 즈 판매 하다 원가 판매 하다 선착순 명 구매 특전 포함 이다 일괄 로만 판매 하다 개별 문의 배송 편택 반택 이용 하다
286,뱅 드림 왜 이렇게 어려움
287,뱅 드림 장터 뱅 드림 ㅇㄴ 님 치사 카논 비공식 굿 즈 판매 하다 원가 판매 하다 선착순 명 구매 특전 포함 이다 일괄 로만 판매 하다 개별 문의 배송 편택 반택 이용 하다
288,친구 시간 프세카 뱅 드림 달리다 소실 함
289,평생 뱅 드림 하다 하다
290,친구 대 모집 안녕하다 뱅 드림 프로 세카 를 플레이 하 타카 나사 하루나 이다 이번 애 트위터 친구 모집 하다 조건 성별 남녀 요소 장르 상관없다 리듬게임 뱅 드림 프로 세카 어떤 시리즈
291,뱅 드림 말다 치어리더 필라 아크릴 판매 하다 각 뱅 드림 장터 몰다 포 굿 즈 양도 매입
292,나 어리다 때 그림 연습 걸 함 앙 스타 뱅 드림 방법 남캐 잘 그리다 앙 스타 이르다 내 그림 체 그리기 번 여캐 잘 그리다 뱅 드림 이르다 내 그림 체 그리기 번 그래서 진짜 하다 물어보다 두다 합치다 번
293,뱅 드림 라스 아크릴 핀 즈 아크릴 판매 하다 핀 즈 일괄 아크릴 스탠드 일괄 가지 전부 구매 시 전부 캐릭터 확인 위 단순 개봉 문의 주시 실물
294,뱅 드림 라스 아크릴 핀 즈 아크릴 판매 하다 핀 즈 일괄 아크릴 스탠드 일괄 가지 전부 구매 시 전부 캐릭터 확인 위 단순 개봉 문의 주시
295,리듬게임 실력 점검 아르케 프 세카 마스터 디맥 다이야 뱅 드림 렙 렙 풀콤 개 노타 렙 전곡 퓨리 피클 볼 포스 확실하다 다른 겜 아르 케아 훨씬 잘 하다 같네욤
296,진격의거인 리바이 굿 즈 판매 하다 사진 타레 참고 해주다 ㅅㅊㅇ 미카사 아르 민 쟝 엘밐 립밐 넨도 다키마쿠라 포카 콜렉터 즈 완결 격거뽕 만쥬 누 이 에렌 한지 엘빈 에레리 루리 립 뱅 드림 유키나 유키 란 유키 리사
297,야 너 혹시 뱅 드림 해 저 가방 속 로젤리아 응원봉 쥐 그렇다 씹덕 겜 왜 하다 둥 말 꺼내다 살해 하다 생각 이다 하지만 나 히 마리 너무 좋다 야 잘 돼다 협라할
298,야 너 혹시 뱅 드림 하다 저 간만 뉴비 만 난건 하다 설레다 마음 품다 협라을 권유 하다 생각 이다 그렇다 씹덕 겜 왜 하다 ㅋㅋ 응원 봉로 살해 하다
299,녀러분 그렇다 주 세 욥 미쿠 일러스트 뱅 드림 이르다 같다 여캐 위주 좋다
300,뭐 오랜 만 뱅 드림 들어가다 시작 로딩 안되다 바로 팅기다 ㅋㅋ
301,야 너 혹시 뱅 드림 해 저 가방 속 로젤리아 응원봉 쥐 그렇다 씹덕 겜 왜 하다 둥 말 꺼내다 살해 하다 생각 이다 하지만 나 히 마리 너무 좋다 야 잘 돼다 협라할
302,뱅 드림 최애 곡 아마 로젤리아 노래 엿 던 것 같다 이 사람 들 악기 잘 하다 노래 자다
303,나 어리다 때 그림 연습 걸 함 앙 스타 뱅 드림 방법 남캐 잘 그리다 앙 스타 이르다 내 그림 체 그리기 번 여캐 잘 그리다 뱅 드림 이르다 내 그림 체 그리기 번 그래서 진짜 하다 물어보다 두다 합치다 번
304,뱅 드림 천사 님 뱅 드림 천사 님 친드 모시다 자세하다 건 세번 째 사진 읽다 아래 표 작성 하다 후 찌르다 주심 감사하다 트친 분들 인알 부탁드리다
305,뱅 드림 츄츄 타마 데 치유 라스 위주 굿 즈 위주 파다 일괄 다수 개별 순 우대 하다 하자 예민하다 신분 들 삼가다 해주다 자세하다 디엠 물어보다
306,뱅 드림 츄츄 타마 데 치유 라스 위주 굿 즈 위주 파다 일괄 다수 개별 순 우대 하다 하자 예민하다 신분 들 삼가다 해주다 자세하다 디엠 물어보다
307,예전 럽라 이다 지금 뱅 드림
308,종강 월말 월말 사이 로 오다 라이 레이 각 뱅 드림 토모 사복 교복 전투 메이드 하트 체인소 맨 파워 외 등등 대여 하다 예정 부산 촬영 하다 사진사 님 구해 마음 주시 이후 디엠 찾아가다
309,투디 유사 프 세카 단간론파 마마마 데 레스 테뱅 드림 어 쩌
310,뱅 드림 히로 마치 나 나미 코미케 디오라마 아크릴 양도 판매 하다 운 밉다 포 판매 하다
311,뱅 드림 모 르포 카 히로 마치 나 나미 네 소 베리 사다 사 팔 아만 주다
312,나 어리다 때 그림 연습 걸 함 앙 스타 뱅 드림 방법 남캐 잘 그리다 앙 스타 이르다 내 그림 체 그리기 번 여캐 잘 그리다 뱅 드림 이르다 내 그림 체 그리기 번 그래서 진짜 하다 물어보다 두다 합치다 번
313,뱅 드림 츄츄 타마 데 치유 라스 위주 굿 즈 위주 파다 일괄 다수 개별 순 우대 하다 하자 예민하다 신분 들 삼가다 해주다 자세하다 디엠 물어보다
314,투디 뱅 드림 프 세카 리듬게임 얘기 자주 하다 미성년 자 여성 이다 뱅 드림 명 모두 사랑 지뢰 계정 내 정치 얘기 캐혐 정도 음악 굉장하다 좋아하다 락 일렉트로닉
315,나희 펜싱 선수 김태리 언론정보학 졸업 백 이진 언론인 남주혁 농구 선수 출신 고 유림 펜싱 선수 보나 아이돌 문 지웅 학교 밴드 보컬 최현욱 야구선수 출신 빙글빙글 돌아가다 세계관
316,투디 유사 프 세카 단간론파 마마마 데 레스 테뱅 드림 어 쩌
317,나 어리다 때 그림 연습 걸 함 앙 스타 뱅 드림 방법 남캐 잘 그리다 앙 스타 이르다 내 그림 체 그리기 번 여캐 잘 그리다 뱅 드림 이르다 내 그림 체 그리기 번 그래서 진짜 하다 물어보다 두다 합치다 번
318,나 어리다 때 그림 연습 걸 함 앙 스타 뱅 드림 방법 남캐 잘 그리다 앙 스타 이르다 내 그림 체 그리기 번 여캐 잘 그리다 뱅 드림 이르다 내 그림 체 그리기 번 그래서 진짜 하다 물어보다 두다 합치다 번
319,뱅 드림 슈 도리 포카 부쿠부 아크릴 교환 슈 도리 치사 토 부쿠부 치사 토 슈 도리 히 부쿠부 이브 리사 파 레오 하자 없다 제품 이다 편하다 디엠 줄다 ㅅㅊㅇ 반도
320,요미 님 넘다 넘다 예쁘다 뱅 드림 최애캐 유키나 코스 해주다 넘다 감사하다 ㅠㅠ 진짜 게임 튀어나오다 알다 진짜 너무 예 뻣 어
321,플레이 엑스포 일요일 뱅 드림 미나토 유키나 요미 님 플레이 엑스포 뱅 드림 유키나
322,뱅 드림 미나토 유키나 충족 개선 요미 님
323,뱅 드림 싶다 뱅 드림 하 해주다 뱅 드림 통신 연결 언제 고치다 뱅 드림
324,뱅 드림 모 르포 카 후 타바 츠쿠시 겨울 윈터 아크릴 운포 판매 하다 밉다 개봉 현물 양 받다 가격 반 많이 아끼다 급처 양도 하다
325,나 어리다 때 그림 연습 걸 함 앙 스타 뱅 드림 방법 남캐 잘 그리다 앙 스타 이르다 내 그림 체 그리기 번 여캐 잘 그리다 뱅 드림 이르다 내 그림 체 그리기 번 그래서 진짜 하다 물어보다 두다 합치다 번
326,저희 뱅 드림 까먹다
327,저희 뱅 드림 까먹다
328,나 어리다 때 그림 연습 걸 함 앙 스타 뱅 드림 방법 남캐 잘 그리다 앙 스타 이르다 내 그림 체 그리기 번 여캐 잘 그리다 뱅 드림 이르다 내 그림 체 그리기 번 그래서 진짜 하다 물어보다 두다 합치다 번
329,뱅 드림 회지 판매 하다 순서대로
330,나 어리다 때 그림 연습 걸 함 앙 스타 뱅 드림 방법 남캐 잘 그리다 앙 스타 이르다 내 그림 체 그리기 번 여캐 잘 그리다 뱅 드림 이르다 내 그림 체 그리기 번 그래서 진짜 하다 물어보다 두다 합치다 번
331,보 면복 붙다 장르 뱅 드림 돌잡이 리사 최애 진짜 좋다 목소리 취향 캐 리사 외관 취향 캐타 아야 츠쿠시 카논 등등 서사 취향 캐사 치사 토 성격 취향 캐 모르다 좋다 가치관 취향 캐 나 나미 최애 커플
332,뱅 드림 장터 뱅 드림 굿 즈 판매 교환 하다 필름 라이브 주차 기타 조 특전 아사히 롯카 록 색 운포 애니메이트 월드 페어 특전 교환 저 마 시로 슈발츠 카드 이브 스티커 님 카드 유키나 스티커 플라워 유키나 사
333,나 어리다 때 그림 연습 걸 함 앙 스타 뱅 드림 방법 남캐 잘 그리다 앙 스타 이르다 내 그림 체 그리기 번 여캐 잘 그리다 뱅 드림 이르다 내 그림 체 그리기 번 그래서 진짜 하다 물어보다 두다 합치다 번
334,ㅋㅋㅋㅋㅋㅋㅋㅋㅋㅋㅋㅋㅋㅋㅋㅋ 저 도 모르다 욬 ㅋㅋㅋㅋㅋㅋㅋㅋㅋ 사실 저 두 ㅋ 협라 하다 급하다 ㅋ 바꿧슴 ㅋㅋㅋㅋㅋㅋㅋㅋㅋ 나중 뱅 드림 다시 깔다 협라 해
335,나 어리다 때 그림 연습 걸 함 앙 스타 뱅 드림 방법 남캐 잘 그리다 앙 스타 이르다 내 그림 체 그리기 번 여캐 잘 그리다 뱅 드림 이르다 내 그림 체 그리기 번 그래서 진짜 하다 물어보다 두다 합치다 번
336,일 도리 뱅 드림 반 도리 계정 구합 니당다 레벨 이상 폐광 계 구 하다 히 많다 계정 우대 하다 성 많다 수록 좋다 가격 상관
337,나 어리다 때 그림 연습 걸 함 앙 스타 뱅 드림 방법 남캐 잘 그리다 앙 스타 이르다 내 그림 체 그리기 번 여캐 잘 그리다 뱅 드림 이르다 내 그림 체 그리기 번 그래서 진짜 하다 물어보다 두다 합치다 번
338,나 어리다 때 그림 연습 걸 함 앙 스타 뱅 드림 방법 남캐 잘 그리다 앙 스타 이르다 내 그림 체 그리기 번 여캐 잘 그리다 뱅 드림 이르다 내 그림 체 그리기 번 그래서 진짜 하다 물어보다 두다 합치다 번
339,여러분 뱅 드림 천장 찍 때 스타 씰 개 추가 하다 연 하다 수 생일 챠 천장 이 것 스타씰 돼다
340,오늘 삶 너무 힘들다 뱅 드림 하나 안 하다 응 씻다 나오다 하다
341,천사 님 모시다 글 천사 님 여기 천사 님 모시다 천사 님 기다리다 천사 님 줄다 뱅 드림 장르 토 야마 카 스미다 천사 님 썸 드림 연인 드림 모시다 모시다 표 작성 해주다 타래 에버노트 필독 하다 줄다 오
342,데코 덴 탑 꾸다 판매 가격 일괄 개별 구매 가능 멘트 자다 확인 해주다 탑 로더 탑 꾸다 드림 방탄 세븐 틴 더보이즈 앙 스타 파샤 뱅 드림 엔시 티 포카 양도 블랙 핑크
343,나 어리다 때 그림 연습 걸 함 앙 스타 뱅 드림 방법 남캐 잘 그리다 앙 스타 이르다 내 그림 체 그리기 번 여캐 잘 그리다 뱅 드림 이르다 내 그림 체 그리기 번 그래서 진짜 하다 물어보다 두다 합치다 번
344,친구 대 모집 안녕하다 뱅 드림 프로 세카 를 플레이 하 타카 나사 하루나 이다 이번 애 트위터 친구 모집 하다 조건 성별 남녀 요소 장르 상관없다 리듬게임 뱅 드림 프로 세카 어떤 시리즈
345,뱅 드림 장터 뱅 드림 굿 즈 판매 교환 하다 필름 라이브 주차 기타 조 특전 아사히 롯카 록 색 운포 애니메이트 월드 페어 특전 교환 저 마 시로 슈발츠 카드 이브 스티커 님 카드 유키나 스티커 플라워 유키나 사
346,뱅 드림 굿 즈 판매 하다 일괄 배 밉다 포 개별 구매 불가능하다 편하다 디엠 줄다 ㅅㅊㅇ 홍대 던전 홍던 코코 미셸 미사 키 하 구미 카 스미다 카오루 하 로 하피 양도
347,뱅 드림 뱅 드림 파 레오 오시 타코 친해지다 같이 뱅 드림 해 저 토모 닷 치 하다 자다 맞다 분만 무 메다 팔로 찾아가다 흔적 남기다 맞팔 꼬옥 부탁드리다
348,나 어리다 때 그림 연습 걸 함 앙 스타 뱅 드림 방법 남캐 잘 그리다 앙 스타 이르다 내 그림 체 그리기 번 여캐 잘 그리다 뱅 드림 이르다 내 그림 체 그리기 번 그래서 진짜 하다 물어보다 두다 합치다 번
349,나 어리다 때 그림 연습 걸 함 앙 스타 뱅 드림 방법 남캐 잘 그리다 앙 스타 이르다 내 그림 체 그리기 번 여캐 잘 그리다 뱅 드림 이르다 내 그림 체 그리기 번 그래서 진짜 하다 물어보다 두다 합치다 번
350,뱅 드림 하드 깨다 때
351,나 어리다 때 그림 연습 걸 함 앙 스타 뱅 드림 방법 남캐 잘 그리다 앙 스타 이르다 내 그림 체 그리기 번 여캐 잘 그리다 뱅 드림 이르다 내 그림 체 그리기 번 그래서 진짜 하다 물어보다 두다 합치다 번
352,나 어리다 때 그림 연습 걸 함 앙 스타 뱅 드림 방법 남캐 잘 그리다 앙 스타 이르다 내 그림 체 그리기 번 여캐 잘 그리다 뱅 드림 이르다 내 그림 체 그리기 번 그래서 진짜 하다 물어보다 두다 합치다 번
353,리듬게임 실력 점검 뱅 드림 풀콤 가능 프 세카 클리어 풀콤 가능 앙 스타 거의 클리어 은 한두 개 클리어 햇 덥다 같다 안 하다 좀 되어다 기억 안남
354,나 어리다 때 그림 연습 걸 함 앙 스타 뱅 드림 방법 남캐 잘 그리다 앙 스타 이르다 내 그림 체 그리기 번 여캐 잘 그리다 뱅 드림 이르다 내 그림 체 그리기 번 그래서 진짜 하다 물어보다 두다 합치다 번
355,아이마스 드림 궁금하다 아이마스 드림 치다 아이마스 뱅 드림 개 보고 옴 아
356,나 어리다 때 그림 연습 걸 함 앙 스타 뱅 드림 방법 남캐 잘 그리다 앙 스타 이르다 내 그림 체 그리기 번 여캐 잘 그리다 뱅 드림 이르다 내 그림 체 그리기 번 그래서 진짜 하다 물어보다 두다 합치다 번
357,최소 이상 거래 하다 사진 가격 적히다 전체 적 개봉 후 전시 해 두다 하다 상품 자세하다 하자 확인 하다 디엠 부탁드리다 자세하다 사항 타래 적다 두다 레이 뱅
358,뱅 드림 뱅 드림 로젤리아 이마이 리사 좋아하다 굿 즈 쫌쫌 따리 모으다 시간 나다 그림 오너캐 얘기 해 그림 톤 님
359,뱅 드림 반 도리 굿 즈 히 카 사 송 아이엠 아크릴 미개 봉 운 밉다 파다 디엠 오픈 채팅 줄다
360,나 어리다 때 그림 연습 걸 함 앙 스타 뱅 드림 방법 남캐 잘 그리다 앙 스타 이르다 내 그림 체 그리기 번 여캐 잘 그리다 뱅 드림 이르다 내 그림 체 그리기 번 그래서 진짜 하다 물어보다 두다 합치다 번
361,나 어리다 때 그림 연습 걸 함 앙 스타 뱅 드림 방법 남캐 잘 그리다 앙 스타 이르다 내 그림 체 그리기 번 여캐 잘 그리다 뱅 드림 이르다 내 그림 체 그리기 번 그래서 진짜 하다 물어보다 두다 합치다 번
362,일 도리 뱅 드림 반 도리 계정 구합 니당다 레벨 이상 폐광 계 구 하다 히 많다 계정 우대 하다 성 많다 수록 좋다 가격 상관
363,뱅 드림 리제 오다 크다 웨딩 오다 크다 찐완또 파츠 스티커 계정 구합 니 좀 사고 싶다 은퇴 계 고 랭 계 등등 안 가다 웨딩 앙코르 나오다 옷 말 하다 겁니다
364,아크릴 원래 별로 안 좋아하다 뱅 드림 아크릴 왤다 케 사고 싶다 구매 구매 구매
365,뱅 드림 미타 케 란 카드 판매 양도
366,파스 파레 아야 위주 지류 일괄 판매 하다 일괄 홀리데이 브마 하자 타래 사진 올리다 두다 디엠 줄다 뱅 드림 양도 뱅 드림 장터
367,뱅 드림 시절 어케찍었 ㅋㅋㅋ 저 때 아마 추석 시간 많이 내다 로 기억 함
368,뱅 드림 뱅 드림 뱅 드림 파 레오 오시 타코 친해지다 같이 뱅 드림 해 저 도모 닷 치 하다 자다 맞다 분만 무 메다 팔로 찾아가다 맞팔 꼬옥 부탁드리다
369,최소 이상 거래 하다 사진 가격 적히다 전체 적 개봉 후 전시 해 두다 하다 상품 자세하다 하자 확인 하다 디엠 부탁드리다 자세하다 사항 타래 적다 두다 레이 뱅
370,음 문스독쿄카 이영싫 레이디 뱅 드림 아코 내 스 급 박예림 럽라 노조미 앙 스타 레오 등등
371,음 뱅 드림 다시 켜다 진짜 쓰레기
372,뱅 드림 필름 라이브 필라 특전 색 주차 모 르포 카 키 리가 토우코 반택 포 판매 하다
373,뱅 드림 마스 킹 라스 색 판매 하다 필라 마스 킹 홀리데이 라스 단체 일 괄시 배송 택배 가능하다 끼택 편택 하자 없다 인증 가능 ㅅㅊㅇ 뱅 드림 라스
374,뱅 드림 주년 캔 뱃지 아코 우 다가오다 아코 원형 애니플러스 샵 트레이딩 양도 판매
375,뱅 드림 장터 뱅 드림 장터 뱅 드림 반 도리 뱅 가드 헬로 해피 월드 코코 카논 하 구미 일괄 판매 일괄 재질 좋다 진짜 예쁘다 반택 원 끼리 원 일반 택배 원
376,뱅 드림 장터 뱅 드림 장터 뱅 드림 반 도리 뱅 가드 파스 파레 아야 일괄 판매 일괄 뱅 가드 재질 좋다 예쁘다 반택 원 끼리 원 일반 택배 원
377,뱅 드림 장터 뱅 드림 모 르포 카 집 앨범 앨범 토우코 포카 앨범 츠쿠 시 포카 앨범 츠쿠 시 토우코 포카 츠쿠 시 토우코 포카 판매 하다 교환 동 종 말다 포카 하다 편하다 디엠 줄다
378,뱅 드림 슈 링 드리다 밍구 피아노 치다 파스 파레 노래
379,뱅 드림 앱글 하자 츠 구미 츠구 핀 즈 뱃지 양도 판매 하다 디엠 줄다 확인 하다 다시 집어넣다
380,뱅 드림 아크릴 모 르포 카 쿠라 타 말다 공구 양도 판매 하다 수량 착각 잘못 주문 하다 즉입 가능하다 분만 받다
381,오타쿠 투디 러브라이브 뱅 드림 이누보쿠 오 등분 비스크 돌 좋아하다 장르 많다 잡덕 이다 바이오 참고 주로 덕질 이야기 많다 사담 소비 사진 들 많이 올리다 행사 오프 좋아하다
382,뱅 드림 일 도리 돌다 대행 랭 성 없다 만 돌 원 성 장만 돌 원 랜덤 성 장만 돌 성 장 원 성 장 원 성
383,뱅 드림 계정 판매 하다 타래 올라오다 계정 확인 하다 거래 의사 시 마음 달다 후 디엠 줄다
384,뱅 드림 반 도리 일 도리 계정 구해 아래 츠 구미 필수 보유 계정 구합 니 불글 완덱 만 돌 계 츠 구미 오 시계 구 해보다 문의 또는 줄다 트윗 내 리기 전 상 시로 구
385,파스 파레 아야 위주 지류 일괄 판매 하다 일괄 홀리데이 브마 하자 타래 사진 올리다 두다 디엠 줄다 뱅 드림 양도 뱅 드림 장터
386,아코 푸른 장미 의상 가발 가슴 단면 코스프레 뱅 드림 코스 판매
387,뱅 드림 아크릴 모 르포 카 쿠라 타 말다 공구 양도 판매 하다 수량 착각 잘못 주문 하다 즉입 가능하다 분만 받다
388,비계 팅 뱅 드림 외 투디 쓰리다 쩜오디 해 지금 미션 보고 잇다 ㅂㅌ
389,나 어리다 때 그림 연습 걸 함 앙 스타 뱅 드림 방법 남캐 잘 그리다 앙 스타 이르다 내 그림 체 그리기 번 여캐 잘 그리다 뱅 드림 이르다 내 그림 체 그리기 번 그래서 진짜 하다 물어보다 두다 합치다 번
390,파스 파레 아야 위주 지류 일괄 판매 하다 일괄 홀리데이 브마 하자 타래 사진 올리다 두다 디엠 줄다 뱅 드림 양도 뱅 드림 장터
391,최소 이상 거래 하다 사진 가격 적히다 전체 적 개봉 후 전시 해 두다 하다 상품 자세하다 하자 확인 하다 디엠 부탁드리다 자세하다 사항 타래 적다 두다 습
392,나 어리다 때 그림 연습 걸 함 앙 스타 뱅 드림 방법 남캐 잘 그리다 앙 스타 이르다 내 그림 체 그리기 번 여캐 잘 그리다 뱅 드림 이르다 내 그림 체 그리기 번 그래서 진짜 하다 물어보다 두다 합치다 번
393,뱅 드림 반 도리 굿 즈 히 카 사 송 아이엠 아크릴 미개 봉 운 밉다 파다 디엠 오픈 채팅 줄다
394,일 도리 뱅 드림 반 도리 계정 구합 니당다 레벨 이상 폐광 계 구 하다 히 많다 계정 우대 하다 성 많다 수록 좋다 가격 상관
395,일 도리 뱅 드림 반 도리 계정 구합 니당다 레벨 이상 폐광 계 구 하다 히 많다 계정 우대 하다 성 많다 수록 좋다 가격 상관
396,뱅 드림 리제 오다 크다 웨딩 오다 크다 찐완또 파츠 스티커 계정 구합 니 좀 사고 싶다 은퇴 계 고 랭 계 등등 안 가다 웨딩 앙코르 나오다 옷 말 하다 겁니다
397,뱅 드림 말다 치어리더 필라 아크릴 판매 하다 각 뱅 드림 장터 몰다 포 굿 즈 양도 매입
398,앙 스타 유성 대 뱅 드림 하 로 하피 프로 세카 원더 쇼 나 희망 열정 파
399,뱅 드림 반 도리 일 도리 계정 구해 아래 츠 구미 필수 보유 계정 구합 니 불글 완덱 만 돌 계 츠 구미 오 시계 구 해보다 문의 또는 줄다 트윗 내 리기 전 상시
400,오타쿠 투디 러브라이브 뱅 드림 이누보쿠 오 등분 비스크 돌 좋아하다 장르 많다 잡덕 이다 바이오 참고 주로 덕질 이야기 많다 사담 소비 사진 들 많이 올리다 행사 오
401,린코 푸른 장미 가발 의상 뱅 드림 코스프레 판매 만원
402,뱅 드림 앱글 하자 츠 구미 츠구 핀 즈 뱃지 양도 판매 하다 디엠 줄다 확인 하다 다시 집어넣다
403,나 어리다 때 그림 연습 걸 함 앙 스타 뱅 드림 방법 남캐 잘 그리다 앙 스타 이르다 내 그림 체 그리기 번 여캐 잘 그리다 뱅 드림 이르다 내 그림 체 그리기 번 그래서 진짜 하다 물어보다 두다 합치다 번
404,천사 님 모시다 글 천사 님 여기 천사 님 모시다 천사 님 기다리다 천사 님 줄다 뱅 드림 장르 토 야마 카 스미다 천사 님 썸 드림 연인 드림 모시다 모시다 표 작성 해주다 타래 에버노트 필
405,모두 익명 질문 모집 중 최근 답변 질문 유즈 키 바부 뱅 드림 삼애 누구 유즈 내다 히 히 질문 상자 익명 질문 모 집중
406,동생 방 가다 나 모르다 돌다 팔다 사이트 보다 돼다 거기 뱅 드림 돌 만 천 개개 이상 성 카드 계정 달러 파다 이러니까 계정 값 그렇게 내려가다 ㅋㅋ
407,다 들다 새끼 오타쿠 때뭐 팔다 뱅 드림 현재 년차 미타 케 란 오시
408,뱅 드림 이 치가 아리사 굿 즈 양도 판매 정리 하다 이상 가격 추가 눌 의향 안 팔리다 걍 소장 하다 후 지큐 아크릴 스탠드 칸타빌레 뱅 애니 주년 샵 뱅 에잇 성 써클 회원 증 부쿠
409,뱅 드림 반 도리 굿 즈 히 카 사 송 아이엠 아크릴 미개 봉 운 밉다 파다 디엠 오픈 채팅 줄다
410,나 어리다 때 그림 연습 걸 함 앙 스타 뱅 드림 방법 남캐 잘 그리다 앙 스타 이르다 내 그림 체 그리기 번 여캐 잘 그리다 뱅 드림 이르다 내 그림 체 그리기 번 그래서 진짜 하다 물어보다 두다 합치다 번
411,리듬게임 여중생 이다 시작 한지 얼마 안 돼다 알다 모르다 많다 앙 스타 뱅 드림 프 세카 프리 채널 태고 해
412,뱅 드림 반 도리 굿 즈 히 카 사 송 아이엠 아크릴 미개 봉 운 밉다 파다 디엠 오픈 채팅 줄다
413,뱅 드림 천사 님 뱅 드림 천사 님 친드 모시다 자세하다 건 세번 째 사진 읽다 아래 표 작성 하다 후 찌르다 주심 감사하다 트친 분들 인알 부탁드리다
414,뱅 드림 지뢰 알다 피하 이별 블언블 하다 흔적 남기다 찾아가다 뱅 드림 뱅 드림
415,나 어리다 때 그림 연습 걸 함 앙 스타 뱅 드림 방법 남캐 잘 그리다 앙 스타 이르다 내 그림 체 그리기 번 여캐 잘 그리다 뱅 드림 이르다 내 그림 체 그리기 번 그래서 진짜 하다 물어보다 두다 합치다 번
416,뱅 드림 히 카 히 사 위고 성 방 나인 홀로 라이브 아크릴 스탠드 루미너스 큐마 플 포카 코미케 디오라마 판매 양도 하다 디엠 줄다
417,뱅 드림 천사 님 뱅 드림 천사 님 친드 모시다 자세하다 건 세번 째 사진 읽다 아래 표 작성 하다 후 찌르다 주심 감사하다 트친 분들 인알 부탁드리다
418,손 이 가요 밴드 팡슬 림 카드 지갑 아이폰 케이스 그리다 스트랩 폰 거치 대 기본 와인 파트너 스 활동 수수료 받다
419,뱅 드림 천사 님 뱅 드림 천사 님 친드 모시다 자세하다 건 세번 째 사진 읽다 아래 표 작성 하다 후 찌르다 주심 감사하다 트친 분들 인알 부탁드리다
420,내 계정 진정하다 간장게장 마카롱 만두 일차 벨 뱅 드림 엔시 티 드림
421,탑 로더 데코 덴 탑 꾸다 판매 포토 카드 포카 콜렉트북 키링 홀더 아이돌 몬엑 세븐 틴 엔시 티 드림 덥다 즈 스키 즈 에이 티 즈 투바 투 하이픈 아스트로 엡식 원 어스 크다 비티 에스 파 트 르 세라핌 케플러 크다 라씨 아이
422,뱅 드림 지뢰 알다 피하 이별 블언블 하다 흔적 남기다 찾아가다 뱅 드림 뱅 드림
423,나 어리다 때 그림 연습 걸 함 앙 스타 뱅 드림 방법 남캐 잘 그리다 앙 스타 이르다 내 그림 체 그리기 번 여캐 잘 그리다 뱅 드림 이르다 내 그림 체 그리기 번 그래서 진짜 하다 물어보다 두다 합치다 번
424,뱅 드림 지뢰 알다 피하 이별 블언블 하다 흔적 남기다 찾아가다 뱅 드림 뱅 드림
425,뱅 드림 지류 사려 서치 하다 과거 나르다 마주 함
426,나 어리다 때 그림 연습 걸 함 앙 스타 뱅 드림 방법 남캐 잘 그리다 앙 스타 이르다 내 그림 체 그리기 번 여캐 잘 그리다 뱅 드림 이르다 내 그림 체 그리기 번 그래서 진짜 하다 물어보다 두다 합치다 번
427,나 어리다 때 그림 연습 걸 함 앙 스타 뱅 드림 방법 남캐 잘 그리다 앙 스타 이르다 내 그림 체 그리기 번 여캐 잘 그리다 뱅 드림 이르다 내 그림 체 그리기 번 그래서 진짜 하다 물어보다 두다 합치다 번
428,손 이 가요 밴드 팡슬 림 캐릭터 카드 지갑 포캣 아이폰 케이스 그리다 스트랩 폰 홀더 스탠드 핑크 파트너 스 활동 수수료 받다
429,뱅 드림 콜라보 카페 다시 열다 제발 혼자 갈다
430,디포 디 저 맨날 아니다 되다 디포 디제 하다 분 구합 니 일단 같이 판 돌리다 친분 쌓다 보다 프 세카 뱅 드림 러브라이브 앙 스타 시키다 함
431,뱅 드림 슈 링 드리다 밍구 피아노 치다 파스 파레 노래
432,나 어리다 때 그림 연습 걸 함 앙 스타 뱅 드림 방법 남캐 잘 그리다 앙 스타 이르다 내 그림 체 그리기 번 여캐 잘 그리다 뱅 드림 이르다 내 그림 체 그리기 번 그래서 진짜 하다 물어보다 두다 합치다 번
433,프 세카 뱅 드림 두다 한 섭
434,뱅 드림 육 조 년 이 부분 때문 절 대못 깨다 진심
435,아 모카 보다 뱅 드림 다시 하 끄다
436,뱅 드림 일일 카페 수요 조사 주인 님 들다 모시다 인수 메이드 로젤리아 궁금하다 않다 가요 특별하다 대접 하다 드리다 어서 오다 주인 님 년 봄 계최 예정 한 타임 진행 손님
437,뱅 드림 일일 카페 수요 조사 주인 님 들다 모시다 인수 메이드 로젤리아 궁금하다 않다 가요 특별하다 대접 하다 드리다 어서 오다 주인 님 년 봄 계최 예정 한 타임 진행 손님
438,엄지 뱅 드림 육 조 년 풀콤 가능
439,뱅 드림 프로 세카 로 모 의 일지 패러디 폰트 찾다 글자 입력 해주다 빰님 무한 감사 올리다
440,뱅 드림 일 도리 반 도리 계정 판매 교환 햎스 파레 구찐완덱 계정 판매 또는 교환 하다 스타 씰 개 이상 원하다 카드 하다 장 가지 오다 수 아야 장 히 장 파스 파레 오시 분 들 사용 하다 좋다 계정
441,일 도리 뱅 드림 반 도리 계정 구합 니당다 레벨 이상 폐광 계 구 하다 히 많다 계정 우대 하다 성 많다 수록 좋다 가격 상관
442,뱅 드림 장터 뱅 드림 모 르포 카 집 앨범 앨범 토우코 포카 앨범 츠쿠 시 포카 앨범 츠쿠 시 토우코 포카 츠쿠 시 토우코 포카 판매 하다 교환 동 종 말다 포카 하다 편하다
443,뱅 드림 일일 카페 수요 조사 주인 님 들다 모시다 인수 메이드 로젤리아 궁금하다 않다 가요 특별하다 대접 하다 드리다 어서 오다 주인 님 년 봄 계최 예정 한 타임 진행 손님
444,뱅 드림 장터 뱅 드림 로젤리아 단독 라이브 아크릴 유키나 판매 하다 밉다 개봉 판매 하다
445,뱅 드림 뱅 드림 로젤리아 이마이 리사 좋아하다 굿 즈 쫌쫌 따리 모으다 시간 나다 그림 오너캐 얘기 해 그림 톤 님
446,러브라이브 천사 님 러브라이브 개인 봇 프로 세카 천사 님 프로 세카 개인 봇 지하 군 천사 님 지하 군 개인 봇 뱅 드림 천사 님 뱅 드림 개인 봇 러브라이브 천사 님 러브라이브 개인 봇 프로 세카 천사 님 프로 세카 개인 봇
447,뱅 드림 장터 뱅 드림 장터 뱅 드림 반 도리 뱅 가드 파스 파레 아야 일괄 판매 일괄 뱅 가드 재질 좋다 예쁘다 반택 원 끼리 원 일반 택배 원
448,뱅 드림 굿 즈 판매 말다 치사 토 위주 눌 불가 시세 조금 씩 깎다 올리다 눌 관련 문의 차단 배송 반택 포장 비 포함 원 배송 하다
449,일 도리 뱅 드림 반 도리 계정 구합 니당다 레벨 이상 폐광 계 구 하다 히 많다 계정 우대 하다 성 많다 수록 좋다 가격 상관
450,뱅 드림 장터 뱅 드림 장터 뱅 드림 반 도리 뱅 가드 헬로 해피 월드 코코 카논 하 구미 일괄 판매 일괄 재질 좋다 진짜 예쁘다 반택 원 끼리 원 일반 택배
451,뱅 드림 슈 링 드리다 밍구 피아노 치다 파스 파레 노래
452,나 어리다 때 그림 연습 걸 함 앙 스타 뱅 드림 방법 남캐 잘 그리다 앙 스타 이르다 내 그림 체 그리기 번 여캐 잘 그리다 뱅 드림 이르다 내 그림 체 그리기 번 그래서 진짜 하다 물어보다 두다 합치다 번
453,ㅅㅊㅇ 뱅 드림 장터 뱅 드림 장터 뱅 드림 계정 판매 거래 교환 나눔 깔다 돌다
454,추첨 두 분 만 돌 계 돌다 두 개 씩 드리다 급전 마감 빠르다 해드리다 ㅅㅊㅇ 뱅 드림 반 도리 대리 판매 구매 대다 풀콤작 쿨 피파 찐완 찐완덱 올 한정 한정 페스 드페 키페 키라 페스 돌다 대행
455,나 어리다 때 그림 연습 걸 함 앙 스타 뱅 드림 방법 남캐 잘 그리다 앙 스타 이르다 내 그림 체 그리기 번 여캐 잘 그리다 뱅 드림 이르다 내 그림 체 그리기 번 그래서 진짜 하다 물어보다 두다 합치다 번
456,팔리다 추첨 덕 자 만원 드리다 뱅 드림 일 도리 은퇴 계 양도 판매 하다 찐완햎 피파 쿨 하피 완덱퓨젤 퓨니카 햎글 파츠 쿨 피파 불 스파 레 쿨글 파츠 불글 퓨글 불 피파 쿨젤 퓨 하피 햎로 하피
457,뱅 드림 일일 카페 수요 조사 주인 님 들다 모시다 인수 메이드 로젤리아 궁금하다 않다 가요 특별하다 대접 하다 드리다 어서 오다 주인 님 년 봄 계최 예정 한 타임 진행 손님
458,팔리다 추첨 덕 자 만원 드리다 뱅 드림 일 도리 은퇴 계 양도 판매 하다 찐완햎 피파 쿨 하피 완덱퓨젤 퓨니카 햎글 파츠 쿨 피파 불 스파 레 쿨글 파츠 불글 퓨글 불 피파 쿨젤 퓨 하피 햎로 하피
459,추첨 두 분 만 돌 계 돌다 두 개 씩 드리다 급전 마감 빠르다 해드리다 ㅅㅊㅇ 뱅 드림 반 도리 대리 판매 구매 대다 풀콤작 쿨 피파 찐완 찐완덱 올 한정 한정 페스 드페 키페 키라 페스 돌다 대행
460,반 도리 일 도리 뱅 드림 한정 페스 돌다 판매 대행 주년 드림 페스 포함 계정 사진 타래 확인 구매 문의 사진 혹은 번호 함께 연락 주 시기 바라다
461,반 도리 일 도리 뱅 드림 한정 페스 돌다 판매 대행 주년 드림 페스 포함 계정 사진 타래 확인 구매 문의 사진 혹은 번호 함께 연락 주 시기 바라다
462,추첨 두 분 만 돌 계 돌다 두 개 씩 드리다 급전 마감 빠르다 해드리다 ㅅㅊㅇ 뱅 드림 반 도리 대리 판매 구매 대다 풀콤작 쿨 피파 찐완 찐완덱 올 한정 한정 페스 드페 키페 키라 페스 돌다 대행
463,팔리다 추첨 덕 자 만원 드리다 뱅 드림 일 도리 은퇴 계 양도 판매 하다 찐완햎 피파 쿨 하피 완덱퓨젤 퓨니카 햎글 파츠 쿨 피파 불 스파 레 쿨글 파츠 불글 퓨글 불 피파 쿨젤 퓨 하피 햎로 하피
464,뱅 드림 일일 카페 수요 조사 주인 님 들다 모시다 인수 메이드 로젤리아 궁금하다 않다 가요 특별하다 대접 하다 드리다 어서 오다 주인 님 년 봄 계최 예정 한 타임 진행 손님
465,ㅇㅈㅋㅋㅋㅋㅋ 맨날 공부 하다 딴다 샘 분명 공부 아 오랜 만 뱅 드림 하다 ㅇㅈㄹ 하다 뱅 드림 함
466,뱅 드림 일일 카페 수요 조사 주인 님 들다 모시다 인수 메이드 로젤리아 궁금하다 않다 가요 특별하다 대접 하다 드리다 어서 오다 주인 님 년 봄 계최 예정 한 타임 진행 손님
467,팔리다 추첨 덕 자 만원 드리다 뱅 드림 일 도리 은퇴 계 양도 판매 하다 찐완햎 피파 쿨 하피 완덱퓨젤 퓨니카 햎글 파츠 쿨 피파 불 스파 레 쿨글 파츠 불글 퓨글 불 피파 쿨젤 퓨 하피 햎로 하피
468,추첨 두 분 만 돌 계 돌다 두 개 씩 드리다 급전 마감 빠르다 해드리다 ㅅㅊㅇ 뱅 드림 반 도리 대리 판매 구매 대다 풀콤작 쿨 피파 찐완 찐완덱 올 한정 한정 페스 드페 키페 키라 페스 돌다 대행
469,반 도리 일 도리 뱅 드림 한정 페스 돌다 판매 대행 주년 드림 페스 포함 계정 사진 타래 확인 구매 문의 사진 혹은 번호 함께 연락 주 시기 바라다
470,나 어리다 때 그림 연습 걸 함 앙 스타 뱅 드림 방법 남캐 잘 그리다 앙 스타 이르다 내 그림 체 그리기 번 여캐 잘 그리다 뱅 드림 이르다 내 그림 체 그리기 번 그래서 진짜 하다 물어보다 두다 합치다 번
471,나 어리다 때 그림 연습 걸 함 앙 스타 뱅 드림 방법 남캐 잘 그리다 앙 스타 이르다 내 그림 체 그리기 번 여캐 잘 그리다 뱅 드림 이르다 내 그림 체 그리기 번 그래서 진짜 하다 물어보다 두다 합치다 번
472,모두 익명 질문 모집 중 최근 답변 질문 리아 님 좋아하다 음식 뭔 지 리아 사랑 하다 뱅 드림 영화 특전 대부분 수 질문 상자 익명 질문 모 집중
473,나 어리다 때 그림 연습 걸 함 앙 스타 뱅 드림 방법 남캐 잘 그리다 앙 스타 이르다 내 그림 체 그리기 번 여캐 잘 그리다 뱅 드림 이르다 내 그림 체 그리기 번 그래서 진짜 하다 물어보다 두다 합치다 번
474,사퍼 뱅 드림 본진 이다 서울 인천 주로 출몰 하다 뭔가 낮 익다 트친 츄 라이 츄 라이 흔적 남기다 ㅌㅊㅅ
475,프 세카 뱅 드림 두다 한 섭
476,뱅 드림 리제 오다 크다 웨딩 오다 크다 찐완또 파츠 스티커 계정 구합 니 좀 사고 싶다 은퇴 계 고 랭 계 등등 안 가다 웨딩 앙코르 나오다 옷 말 하다 겁니다
477,나 어리다 때 그림 연습 걸 함 앙 스타 뱅 드림 방법 남캐 잘 그리다 앙 스타 이르다 내 그림 체 그리기 번 여캐 잘 그리다 뱅 드림 이르다 내 그림 체 그리기 번 그래서 진짜 하다 물어보다 두다 합치다 번
478,나 어리다 때 그림 연습 걸 함 앙 스타 뱅 드림 방법 남캐 잘 그리다 앙 스타 이르다 내 그림 체 그리기 번 여캐 잘 그리다 뱅 드림 이르다 내 그림 체 그리기 번 그래서 진짜 하다 물어보다 두다 합치다 번
479,뱅 드림 마스 킹 라스 색 판매 하다 필라 마스 킹 홀리데이 라스 단체 일 괄시 배송 택배 가능하다 끼택 편택 하자 없다 인증 가능 ㅅ
480,나 어리다 때 그림 연습 걸 함 앙 스타 뱅 드림 방법 남캐 잘 그리다 앙 스타 이르다 내 그림 체 그리기 번 여캐 잘 그리다 뱅 드림 이르다 내 그림 체 그리기 번 그래서 진짜 하다 물어보다 두다 합치다 번
481,뱅 드림 말다 치어리더 필라 아크릴 판매 하다 각 뱅 드림 장터 몰다 포 굿 즈 양도 매입
482,뱅 드림 반 도리 굿 즈 써클 서클 회원 증 타다 유키나 이브 마야 양도 판매 하다 반택 이용
483,뱅 드림 라스 츄츄 좋다
484,나 어리다 때 그림 연습 걸 함 앙 스타 뱅 드림 방법 남캐 잘 그리다 앙 스타 이르다 내 그림 체 그리기 번 여캐 잘 그리다 뱅 드림 이르다 내 그림 체 그리기 번 그래서 진짜 하다 물어보다 두다 합치다 번
485,뱅 드림 파 레오 부쿠부 키링 산 그대로 운 밉다 포 판매 하다 보관 해 두 어서 깨끗하다
486,뱅 드림 필름 라이브 필라 특전 색 주차 모 르포 카 키 리가 토우코 반택 포 판매 하다
487,나 어리다 때 그림 연습 걸 함 앙 스타 뱅 드림 방법 남캐 잘 그리다 앙 스타 이르다 내 그림 체 그리기 번 여캐 잘 그리다 뱅 드림 이르다 내 그림 체 그리기 번 그래서 진짜 하다 물어보다 두다 합치다 번
488,나 어리다 때 그림 연습 걸 함 앙 스타 뱅 드림 방법 남캐 잘 그리다 앙 스타 이르다 내 그림 체 그리기 번 여캐 잘 그리다 뱅 드림 이르다 내 그림 체 그리기 번 그래서 진짜 하다 물어보다 두다 합치다 번
489,나 어리다 때 그림 연습 걸 함 앙 스타 뱅 드림 방법 남캐 잘 그리다 앙 스타 이르다 내 그림 체 그리기 번 여캐 잘 그리다 뱅 드림 이르다 내 그림 체 그리기 번 그래서 진짜 하다 물어보다 두다 합치다 번
490,뱅 드림 리제 오다 크다 웨딩 오다 크다 찐완또 파츠 스티커 계정 구합 니 좀 사고 싶다 은퇴 계 고 랭 계 등등 안 가다 웨딩 앙코르 나오다 옷 말 하다 겁니다
491,ㅋㅋㅋㅋ 나다 한창 백합 충 일 때 저 거 꿈보 프랑 아이 카츠 뱅 드림 이렇게 파다
492,뱅 드림 뱅 드림 로젤리아 이마이 리사 좋아하다 굿 즈 쫌쫌 따리 모으다 시간 나다 그림 오너캐 얘기 해 그림 톤 님
493,모두 익명 질문 모집 중 최근 답변 질문 닝겐 넴 뱅 드림 입덕 계기 애 나이 궁금하다 제일 친하다 트친 명 질문 상자 익명 질문 모 집중
494,은 뱅 드림 열심히 그릴 현 생살 트생살
495,모두 익명 질문 모집 중 최근 답변 질문 민초 좋아하다 평소 글 쓰시 루틴 궁금 연성 쓸다 때 꺼리다 소재 특별하다 좋아하다 뱅 드림 차 질문 상자 익명 질문 모 집중
496,나 어리다 때 그림 연습 걸 함 앙 스타 뱅 드림 방법 남캐 잘 그리다 앙 스타 이르다 내 그림 체 그리기 번 여캐 잘 그리다 뱅 드림 이르다 내 그림 체 그리기 번 그래서 진짜 하다 물어보다 두다 합치다 번
497,뱅 드림 파 레오 라우 크레 아크릴 판매 양도 하다 눈 띄다 하자 없다 하자 예민하다 분 구매 지 양해 줄다 반택 끼택
498,뱅 드림 츠쿠시 하모니 데이 아크릴 양 도합 니 하자 줄다 뱅 드림 장터 뱅 드림 장터 뱅 드림 후 타바 츠쿠시 하모니 데이 아크릴 스탠드 굿 즈 공구 양도 판매 소 분 구함
499,뱅 드림 츠쿠시 아크릴 차금 공 구 양 도합 니 공구 인증 가능 줄다 뱅 드림 반 도리 모 르포 카 후 타바 츠쿠시 컨셉 라이브 아크릴 스탠드 굿 즈 공구 양도 판매
500,뱅 드림 말다 치어리더 필라 아크릴 판매 하다 각 뱅 드림 장터 몰다 포 굿 즈 양도 매입
501,뱅 드림 라스 츄츄 마스 킹마 스키 니 기 만쥬 일괄 운포 판매 하다 만쥬 하자 없다 클리어 카드 같이 넣다 드리다 반택 끼택 괜찮다 신분 부탁드리다
502,뱅 드림 굿 즈 판매 양도 라스 츄츄 레이 록 롯카 마 스키 마스 킹 아크릴 키링 일괄
503,뱅 드림 부쿠부 굿 즈 판매 양도 마야 부쿠부 아크릴 슈발츠 치사 토 부쿠부 아크릴 키링
504,뱅 드림 굿 즈 판매 말다 치사 토 위주 눌 불가 시세 조금 씩 깎다 올리다 눌 관련 문의 차단 배송 반택 포장 비 포함 원 배송 하다
505,뱅 드림 코코 굿 즈 판매 일괄 운포 파다 우체국택배 이용 자세하다 건 타래 확인 해주다 모든 문의 멘션 디엠 줄다 ㅅㅊㅇ 뱅 드림 할로 하피 헬로 하피 츠루 마키 코코 피 규어 회원 증 아크릴 굿 즈 공 굿
506,뱅 드림 일 도리 돌다 대행 랭 성 없다 만 돌 원 성 장만 돌 원 랜덤 성 장만 돌 성 장 원 성 장 원
507,뱅 드림 반 도리 일 도리 로젤리아 오 시계 판매 하다 계정 시세 자다 모르다 먼저 제시 줄다 쿨젤 완덱 햎젤 파츠 이외 쿨 피파 완덱 햎 피파 파츠 이다 타래 쿨젤 이외 덱 성 목록 추가 하다 궁금하다 사항 문의
508,맞다 뱅 드림 채다 모으다 채다 린지 곡 플레이 하다 점수 배 추가 적립 되다 시스템 일반 라이브 뱅 드림 부스터 돌리시 뱅 드림 채다 포 티켓 나오다 걸 병행 하다 되다
509,저장 공간 없슴 뱅 드림 못 한다는 뜻
510,프 세카 프로젝트 세 카이 쿨 고 완덱계 문상 판매 하 거나 뱅 드림 완덱계 교환 구 해보다 약 진행 계 교환 덱 우선 순위 퓨젤 라스 덱쿨 핲햎스쿨스 불 피파 햎 카 순 우대 하다 디엠 주다 옾쳇
511,뱅 드림 반 도리 파스 파레 마루 야마 아야 넨도 넨도로이드 풀 파츠 박스 판매 하다 즉 입시 반택 끼택포
512,뱅 드림 모 르포 카츠 쿠시 굿 즈 일괄 운포 판매 양도 하다 인용 소 분 일괄 다수 개별 순 우대 하다 생각 하다 두다 기간 내 일괄 판매 안되다 디엠 온 시간 상관없다 다수 구 매 자 분 연락 드릴 예정 입
513,손 이 가요 밴드 팡슬 림 캐릭터 카드 지갑 포캣 아이폰 케이스 그리다 스트랩 폰 홀더 스탠드 핑크 파트너 스 활동 수수료 받다
514,뱅 드림 굿 즈 판매 말다 치사 토 위주 눌 불가 시세 조금 씩 깎다 올리다 눌 관련 문의 차단 배송 반택 포장 비 포함 원 배송 하다
515,나 어리다 때 그림 연습 걸 함 앙 스타 뱅 드림 방법 남캐 잘 그리다 앙 스타 이르다 내 그림 체 그리기 번 여캐 잘 그리다 뱅 드림 이르다 내 그림 체 그리기 번 그래서 진짜 하다 물어보다 두다 합치다 번
516,모두 익명 질문 모집 중 최근 답변 질문 님 질문 상태 왜 요 섹트임 뱅 드림 이제 안 하다 원빈 씨 야스 하다 조용하다 지켜보다 하나 궁금하다 질문 상자 익명 질문 모 집중
517,나 어리다 때 그림 연습 걸 함 앙 스타 뱅 드림 방법 남캐 잘 그리다 앙 스타 이르다 내 그림 체 그리기 번 여캐 잘 그리다 뱅 드림 이르다 내 그림 체 그리기 번 그래서 진짜 하다 물어보다 두다 합치다 번
518,프 세카 프로젝트 세 카이 쿨 고 완덱계 문상 판매 하 거나 뱅 드림 완덱계 교환 구 해보다 약 진행 계 교환 덱 우선 순위 퓨젤 라스 덱쿨 핲햎스쿨스 불 피파 햎 카 순 우대 하다 디엠 주다
519,뱅 드림 굿 즈 판매 말다 치사 토 위주 눌 불가 시세 조금 씩 깎다 올리다 눌 관련 문의 차단 배송 반택 포장 비 포함 원 배송 하다
520,음악 혹은 밈땜 입덕 작품 동방 일상 팀포 걸판 음악 장르 음악 관련 없이 입덕 작품 뱅 드림
521,로젤리아 약속 특전 리사 주차 특전 생일 렌티큘러 카드 사 히 카오루 뱅 드림 콜라보 카페 캔버스 포스터 레이 코코 뱅 드림 장터
522,뱅 드림 초보자 패널 미션 너무하다 협력 라이브 친 신하 아니다 리겜 못 하다 사람 노멀 하다 라이프 다 써다 점수 낮아지다 철면피 쫙 깔다 치다 걸 오다
523,뱅 드림 굿 즈 판매 말다 치사 토 위주 눌 불가 시세 조금 씩 깎다 올리다 눌 관련 문의 차단 배송 반택 포장 비 포함 원 배송 하다
524,뱅 드림 굿 즈 판매 양도 라스 츄츄 레이 록 롯카 마 스키 마스 킹 아크릴 키링 일괄
525,뱅 드림 뱅 드림 아리사 조아하다 잇다 굿 즈 소소하다 모으다 게임 하다 잇다 친해지다 같이 뱅 드림 해 저 도모 닷 치 하다 자다 맞다 분만 무 메다 팔로 찾아가다 맞괄 꼬
526,나 어리다 때 그림 연습 걸 함 앙 스타 뱅 드림 방법 남캐 잘 그리다 앙 스타 이르다 내 그림 체 그리기 번 여캐 잘 그리다 뱅 드림 이르다 내 그림 체 그리기 번 그래서 진짜 하다 물어보다 두다 합치다 번
527,뱅 드림 라스 츄츄 마스 킹마 스키 니 기 만쥬 일괄 운포 판매 하다 만쥬 하자 없다 클리어 카드 같이 넣다 드리다 반택 끼택 괜찮다 신분 부탁드리다
528,나 뱅 드림 안함
529,나다 앙 스타 하다 파라 라이 하다 비바 렌 하다 디어 보 하다 아 오페라 하다 프로 세카 하다 뱅 드림 하다 카라 소니 하다 아이 나나 하다 성우 덕질 하다 트친 사귀다 싶다
530,안녕하다 새 라이즈 스이렌 뱅 드림 밴드 어떻다 요새 관심 생기다
531,모두 익명 질문 모집 중 최근 답변 질문 렌즈 뭐 끼다 뱅 드림 최애 밴드 머입 로젤리아 노랗다 추천 하다 웅 사진 가끔 등장 하다 질문 상자 익명 질문 모 집중
532,나 어리다 때 그림 연습 걸 함 앙 스타 뱅 드림 방법 남캐 잘 그리다 앙 스타 이르다 내 그림 체 그리기 번 여캐 잘 그리다 뱅 드림 이르다 내 그림 체 그리기 번 그래서 진짜 하다 물어보다 두다 합치다 번
533,뱅 드림 반 도리 일 도리 깔다 돌다 판매 양도 계정 미열 람 미진 행 계좌
534,뱅 드림 일 도리 돌다 판매 하다 투 페스 페스 한정 한정 돌다 다수 판매 하다 존버타시 운 좋다 찐완 만들다 돌다 들다 보유 중 계정 개 판매 되다 때 하 신분 들 중 분 만 돌 계 하나 씩 나눔 하다 습
535,추첨 두 분 만 돌 계 돌다 두 개 씩 드리다 급전 마감 빠르다 해드리다 ㅅㅊㅇ 뱅 드림 반 도리 대리 판매 구매 대다 풀콤작 쿨 피파 찐완 찐완덱 올 한정 한정 페스 드페 키페 키라 페스 돌다 대행
536,코스 어 응애응애 병아리 코스 어 파닥파닥 이다 스파 패 앙 스타 프 세카 뱅 드림 등등 많이 파 남자 코스 어 자다 안 받다 습 니당다 흔적 남기다 찾아가다
537,뱅 드림 반 도리 일 도리 로젤리아 오 시계 판매 하다 계정 시세 자다 모르다 먼저 제시 줄다 쿨젤 완덱 햎젤 파츠 이외 쿨 피파 완덱 햎 피파 파츠 이다 타래 쿨젤 이외 덱 성 목록 추가 하다 궁금하다
538,소 미자 동 트윗 소 밉다 그림 계 트친 모두 맞팔 하다 타장르 들 많다 주로 아이 카츠 뱅 드림
539,짐 정리 겸 뱅 드림 굿 즈 싸다 판매 해 히 클리어 타 올 사 요피 규어 개봉 전시 박스 별 반짝 바이스 슈발츠 개다 아야 아크릴 스트랩 뱃지 개다 타래 오픈 채팅 연락 줄다
540,뱅 드림 로젤리아 히 카 사 넨도로이드 반택 포 처분 양도 판매 하다 크게 눈 띄다 하자 안보 파츠 전부 쿨거시 반택 포 드리다 급전 이다 문의 보다 트윗 맘찍 후 디엠 줄다
541,뱅 드림 일 도리 돌다 판매 하다 투 페스 페스 한정 한정 돌다 다수 판매 하다 존버타시 운 좋다 찐완 만들다 돌다 들다 보유 중 계정 개 판매 되다 때 하 신분 들 중 분 만 돌 계 하나 씩 나눔 하다 습
542,뱅 드림 란 코코 롯카 사 카오루 리미 굿 즈 판매 하다 세트 세트 로만 판매 란 카오루 아크릴 군번줄 눈 띄다 하자 없다 카오루 뱃지 밉다 개봉 나머지 모두 개봉 전시 점 유의 해주다
543,뱅 드림 코코 성 아크릴 스탠드 양도 판매 하다 미개 봉품 반택 편택
544,뱅 드림 반 도리 한도리 라스 레이 와카 레이 아크릴 위주 양도 판매 공구 분철 설명 타래 기재 되어다 가격 씩 내리다 디엠 줄다 레이 홀리데이 방 에잇 밉다 솔로 부쿠
545,뱅 드림 굿 즈 판매 하다 급전 필요하다 파다 롯카 일괄 치사 토 유라 링 동 앨범 애니메이트 스티커 일괄 파 레오 캔 뱃지 일괄
546,뱅 드림 키 리가 토우코 데이라이트 포토 카드 포카 양도 판매 멤버 확인 후 바로 넣다 하자 판매 디엠 줄다 뱅 드림 모 르포 카 말다 루이 나 나미 츠쿠시 블룸 블룸 하모니 데이 로젤리아 핼로 해피 월드 라스 파스
547,뱅 드림 굿 즈 판매 포핀 파티 애프터 글 로우 글 파스 파레 로젤리아 헬로 해피 모 르포 카 몰다 포 카 스미다 아리사 리미 사 아야 타 란 히 마리 토모 모카 츠 구미 아야 마야 이브 히 치사 토 유키나 사 린코 리사 아코 코코 카논 하
548,뱅 드림 파스 파레 아야 유라 링 동 유 메그 포카 구해 ㅜㅜ 판매 중인 굿즈 교환 가능하다
549,모두 익명 질문 모집 중 최근 답변 질문 유 리쿠 마 아라시 돌아가다 상민 님 뱅 드림 최애 누구 상민 님 오래오래 트위터 계 질문 상자 익명 질문 모 집중
550,뱅 드림 로젤리아 히 카 사 넨도로이드 반택 포 처분 양도 판매 하다 크게 눈 띄다 하자 안보 파츠 전부 쿨거시 반택 포 드리다 급전 이다 문의 보다 트윗 맘찍
551,그냥 게임 자기 소개 메이플 하다 지금 쉬 잇다 거의 안함 ㅅㅂ ㅋㅋ 뱅 드림 한 섭 오래 함 지금 바쁘다 겨우 하다 중 프로 세카 한 섭 진심 뉴비 임 함께 해주다 감사하다
552,뱅 드림 만쥬 로젤리아 니 기 만쥬 시로 카 린코 판매 양도 만지다 적 없다 전시 하다 하자 전혀 없다 상태 이다 구매 의사 분 사진 드리다 디엠 줄다 양 도합 니 반
553,뱅 드림 장터 뱅 드림 파 레오 굿 즈 판매 가격 사진 속 랜덤 단순 개봉 제품 미세하다 하자 수 감안 연락 줄다 환불 교환 불가 즉입 가능하다 때 디엠 줄다 ㅅㅊㅇ 아크릴
554,나 어리다 때 그림 연습 걸 함 앙 스타 뱅 드림 방법 남캐 잘 그리다 앙 스타 이르다 내 그림 체 그리기 번 여캐 잘 그리다 뱅 드림 이르다 내 그림 체 그리기 번 그래서 진짜 하다 물어보다 두다 합치다 번
555,코스 어 응애응애 병아리 코스 어 파닥파닥 이다 스파 패 앙 스타 프 세카 뱅 드림 등등 많이 파 남자 코스 어 자다 안 받다 습 니당다 흔적 남기다 찾아가다
556,뱅 드림 마루 야마 아야 위주 슈발츠 뱅 가드 판매 하다 왼쪽 슈발츠들 로 오른쪽 데려가다 해 파스 파레 오다 카미 이브 시라 사기 치사 토 히 카 히 야마토 마야 포카 굿 즈 아크릴 위고 홀리데이 애니메이트
557,뱅 드림 아야 타이틀 드림 아크릴 스탠드 개봉 전시품 필름 라이브 특전 색 일괄 반택 포 판매 하다 디엠 줄다
558,뱅 드림 파 레오 필름 라이브 특전 색 판매 하다 디엠 줄다
559,뱅 드림 반 도리 굿 즈 아크릴 핀 즈 양도 분할 판매 아야 치 사토 공석 원 차금 타 카논 원 차금 배송지 변경 혹은 수령 후 양 도합 니 배송지 변경 수령 하다 때 저
560,뱅 드림 반 도리 앨범 특전 포카 포토 카드 특전 색 굿 즈 양도 판매 개 이상 구매 시 배송비 제외 ㅅㅊㅇ 로손 누 이 네 소 베리 위고 슈발츠 아크릴 스탠드 후 지큐 부쿠부 지류 써클 캔 뱃지 키링 슈 도리 회
561,뱅 드림 반 도리 굿 즈 츄츄 아크릴 스탠 드루 이 디오라마 일괄 판매 하다 일괄 운 밉다 포 하다 판매 하다 두다 상태 괜찮다 일괄 로만 판매 하므다 개별 판매 문의 받다 않다 문의 디엠 바이오
562,뱅 드림 반 도리 한도리 필름 라이브 카페 특전 장 당 양 도합 니 수량 여러 개 문의 줄다 아야 란 말다 카 스미다 코코 유키나 레이 투명 포카 굿 즈 지류 양도 공구 판매 분철
563,코스 어 응애응애 병아리 코스 어 파닥파닥 이다 스파 패 앙 스타 프 세카 뱅 드림 등등 많이 파 남자 코스 어 자다 안 받다 습 니당다 흔적 남기다 찾아가다
564,뱅 드림 일일 카페 수요 조사 주인 님 들다 모시다 인수 메이드 로젤리아 궁금하다 않다 가요 특별하다 대접 하다 드리다 어서 오다 주인 님 년 봄 계최 예정 한 타임 진행 손님
565,나 어리다 때 그림 연습 걸 함 앙 스타 뱅 드림 방법 남캐 잘 그리다 앙 스타 이르다 내 그림 체 그리기 번 여캐 잘 그리다 뱅 드림 이르다 내 그림 체 그리기 번 그래서 진짜 하다 물어보다 두다 합치다 번
566,뱅 드림 주년 캔 뱃지 판매 지금 합정 애플 샵 오늘 합정 직거래 되다 외 광주 직거래 반택 위주 로만 받다 개다 로 판 매다 받다
567,뱅 드림 토 야마 카 스미다 아크릴 캔 뱃지 합치다 판매 하다 유카타 발판 분실 참고 부탁드리다 디엠 가끔 알림 안 오다 멘션 부탁드리다
568,나 어리다 때 그림 연습 걸 함 앙 스타 뱅 드림 방법 남캐 잘 그리다 앙 스타 이르다 내 그림 체 그리기 번 여캐 잘 그리다 뱅 드림 이르다 내 그림 체 그리기 번 그래서 진짜 하다 물어보다 두다 합치다 번
569,프 세카 프로 세카 한 세카 일 세카 뱅 드림 반 도리 일 도리 대리 슬롯 바이오 올리다 두다 아래 사진 읽다 보시 아래 오픈 채팅 연락 줄다 학생 평일 오
570,코스 어 응애응애 병아리 코스 어 파닥파닥 이다 스파 패 앙 스타 프 세카 뱅 드림 등등 많이 파 남자 코스 어 자다 안 받다 습 니당다 흔적 남기다 찾아가다
571,프 세카 프로 세카 한 세카 일 세카 뱅 드림 반 도리 일 도리 대리 슬롯 바이오 올리다 두다 아래 사진 읽다 보시 아래 오픈 채팅 연락 줄다 학생 평일 오
572,뱅 드림 뱅 드림 아리사 조아하다 잇다 굿 즈 소소하다 모으다 게임 하다 잇다 친해지다 같이 뱅 드림 해 저 도모 닷 치 하다 자다 맞다 분만 무 메다 팔로 찾아가다 맞괄 꼬
573,오 너 님 모시다 뱅 드림 개인 봇 뱅 드림 이마이 리사 오 너 님 모시다 관심 부탁드리다 찌르다 보기 환영
574,뱅 드림 마루 야마 아야 슈발츠 카드 구해 일괄 개정 구 해보다 똑같다 카드 괜찮다
575,뱅 드림 마루 야마 아야 슈발츠 카드 구해 일괄 개정 구 해보다 똑같다 카드 괜찮다
576,반 도리 일 도리 뱅 드림 한정 페스 돌다 판매 대행 주년 드림 페스 포함 계정 사진 타래 확인 구매 문의 사진 혹은 번호 함께 연락 주 시기 바라다
577,뱅 드림 반 도리 일 도리 계정 판매 로젤리아 불젤 찌다 완덱
578,뱅 드림 일 도리 계정 양도 하다 판매 하다 퓨 라스 찌다 햎스 파레 찌다 짜다 퓨 라스 파츠 쿨 스파 레 파츠 불젤 파츠 곡 진행 어느 정도 돼다 스토리 다 보다 양도 하다
579,뱅 드림 파스 파레 오다 카미 이브 중국 상하이 카페 아크릴 양도 운 밉다 포 미개 봉 현물 문의 줄다
580,뱅 드림 파스 파레 마루 야마 아야 성 아크릴 양도 운 밉다 포 미개 봉 현물 문의 줄다
581,뱅 드림 로젤리아 히 카 사 위고 아크릴 양도 운 밉다 포 미개 봉 현물 줄다
582,뱅 드림 한도리 계정 통합 계통 판매 성 완덱 퓨스 파레 페스 아야 이브 찌다 완덱 쿨젤 쿨 젤리 페스 아코 찌다 완덱 햎스 파레 수영복 한정 파츠 유사 완덱 리제 린코 수영복 파스 파레 아야
583,뱅 드림 일 도리 계정 햎스 파레 완덱 판매 성 장 차 페스 사 아야 차 페스 아야 히 이브 카오루 한정 아리사 린코 햎스 파레 완덱 불젤 파츠 퓨 피파 파츠 파스 파레 페스 햎로 하피 파츠 파다
584,뱅 드림 일 도리 계정 퓨젤 완덱 계정 페스 판매 하다 성 총 장 차 페스 아야 유키나 차 페스 아야 히 마리 아코 한정 린코 아리사 미사 키 퓨젤 완덱 찌다 페스 아야 차 페스 포함 파츠 퓨글 파츠 불
585,뱅 드림 반 도리 일 도리 계정 판매 양도 하다 진행 계 예 용 칭호 핀즈 채팅 줄다 쿨 피파 파츠 불글 파츠 퓨스 파레 완덱 찌다 불 스파 레 파츠 퓨젤리 파츠 성 카드 사진 보다 스타 씰 개 이브 웨딩 한정
586,일 도리 뱅 드림 고룡 오다 크다 퓨젤 쿨 하피 즉 입시 판매 하다 궁금하다 점 디엠 줄다 ㅅㅊㅇ 뱅 드림 일 도리 반 도리 방 도리 돌다 리세 계 미진 행 계정 판매 양도 대행 페스 드림 페스 한정
587,뱅 드림 밉다 진행 계 쿨젤 완덱 리사 찌다 파츠 교환 가능 오늘 급처해 뱅 드림 반 도리 일 도리 키라 페스 돌다 깔다 돌다 쿨 젤리 로젤리아 로젤 짜다 덱 짭완덱
588,아니다 근 뎁 뱅 드림 자작 채보 플레이 하다 픈데 왜 안되다
589,뱅 드림 랩 넘다 딱하다 저러다 없다 듯
590,뱅 드림 하나조노 타 굿 즈 반택 비 포함 일괄 양도 하다 맘찍후 디엠
591,팔다 장르 미토 피아 동숲 시리즈 뱅 드림 간간히 올리다 듯 나중 생기 추가 함
592,뱅 드림 꽤 유명하다 않다 아직 한번 안 해봤다 이번 해보다
593,뱅 드림 반 도리 일 도리 계정 판매 양도 하다 진행 계 예 용 칭호 핀즈 채팅 줄다 쿨 피파 파츠 불글 파츠 퓨스 파레 완덱 찌다 불 스파 레 파츠 퓨젤리 파츠 성 카드 사진 보다 스타 씰 개
594,뱅 드림 와카 레이 레이 굿 즈 처분 판매 하다 사진 별로 묶음 일괄 판매 타래 목록 가격 확인 해주다 개별 가격 소 분 용다 디엠 문의 줄다 네 모 표시 미개 봉 미전 시품 세트 구매
595,뱅 드림 장터 뱅 드림 파 레오 굿 즈 판매 가격 사진 속 구매 조건 괄호 숫자 인용 트윗 물건 중 캔 뱃지 제외 함께 구매 해주다 상태 드레스 미개 봉 나머지 단순 개봉
596,뱅 드림 장터 뱅 드림 파 레오 굿 즈 판매 가격 사진 속 구매 조건 괄호 숫자 인용 트윗 물건 중 캔 뱃지 제외 함께 구매 해주다 상태 드레스 미개 봉 나머지 단순 개봉
597,뱅 드림 장터 뱅 드림 파 레오 굿 즈 판매 가격 사진 속 랜덤 단순 개봉 제품 미세하다 하자 수 감안 연락 줄다 환불 교환 불가 즉입 가능하다 때 디엠 줄다 ㅅㅊㅇ 아크릴
598,뱅 드림 장터 뱅 드림 파 레오 굿 즈 판매 가격 사진 속 구매 조건 괄호 숫자 인용 트윗 물건 중 캔 뱃지 제외 함께 구매 해주다 상태 드레스 미개 봉 나머지 단순 개봉
599,뱅 드림 하나조노 타 굿 즈 반택 비 포함 일괄 양도 하다 맘찍후 디엠
600,코스 어 응애응애 병아리 코스 어 파닥파닥 이다 스파 패 앙 스타 프 세카 뱅 드림 등등 많이 파 남자 코스 어 자다 안 받다 습 니당다 흔적 남기다 찾아가다
601,ㅋㅎㅋㅎㅋㅎㅋㅎ 나다 이따 집 가면 뱅 드림 하다
602,뱅 드림 장터 뱅 드림 파 레오 굿 즈 판매 가격 사진 속 구매 조건 괄호 숫자 인용 트윗 물건 중 캔 뱃지 제외 함께 구매 해주다 상태 드레스 미개 봉 나머지
603,뱅 드림 뱅 드림 그림 모으다 보기
604,뱅 드림 뱅 드림 로젤리아 이마이 리사 좋아하다 굿 즈 쫌쫌 따리 모으다 시간 나다 그림 오너캐 얘기 해 그림 톤 님
605,뱅 드림 뱅 드림 그림 모으다 보기
606,뱅 드림 주년 캔 뱃지 판매 지금 합정 애플 샵 오늘 합정 직거래 되다 외 광주 직거래 반택 위주 로만 받다 개다 로 판 매다 받다
607,코스 어 응애응애 병아리 코스 어 파닥파닥 이다 스파 패 앙 스타 프 세카 뱅 드림 등등 많이 파 남자 코스 어 자다 안 받다 습 니당다 흔적 남기다 찾아가다
608,아이 카츠 파다 프리 파라 알 되다 프리 파라 파다 프리 파라 관련 밴드 가입 하다 시작 함 프리 티 시리즈 중점 친목 배다 들어가다 현재 알 지내다 지인 들 친해지다 지인 들 사이
609,나 어리다 때 그림 연습 걸 함 앙 스타 뱅 드림 방법 남캐 잘 그리다 앙 스타 이르다 내 그림 체 그리기 번 여캐 잘 그리다 뱅 드림 이르다 내 그림 체 그리기 번 그래서 진짜 하다 물어보다 두다 합치다 번
610,뱅 드림 장터 퓨슾완덱 퓨젤찐팣계 문상 판매 하다 급처 하다 성 개수 개 문의 디엠 부탁드리다 뱅 드림 일 도리 돌다 깔다 돌다 나눔 급구 급처 판매 교환 고 랭 계 퓨젤 퓨슾 찌다
611,나 어리다 때 그림 연습 걸 함 앙 스타 뱅 드림 방법 남캐 잘 그리다 앙 스타 이르다 내 그림 체 그리기 번 여캐 잘 그리다 뱅 드림 이르다 내 그림 체 그리기 번 그래서 진짜 하다 물어보다 두다 합치다 번
612,이 사람 거짓말쟁이 내 돈 훔치다 간다 빨리 내 돈 갚다 빨리 신고 하다 나 이 사람 거짓말쟁이 것 증명 하다 수 탑 로더 탑 꾸다 드림 방탄 세븐 틴 더보이즈 앙 스타 파샤 뱅 드림 엔시 티
613,오랜 만 뱅 드림 하다 팔 겁내 아픔
614,나 어리다 때 그림 연습 걸 함 앙 스타 뱅 드림 방법 남캐 잘 그리다 앙 스타 이르다 내 그림 체 그리기 번 여캐 잘 그리다 뱅 드림 이르다 내 그림 체 그리기 번 그래서 진짜 하다 물어보다 두다 합치다 번
615,뱅 드림 미타 케란 넨도로이드 파다 구매 해주다 오비 츠용 바디 함께 드리다 택배 비 밉다 포 만원 판매 하다
616,뱅 드림 롯카 츄츄 어떻다
617,뱅 드림 와카 레이 레이 굿 즈 처분 판매 하다 사진 별로 묶음 일괄 판매 타래 목록 가격 확인 해주다 개별 가격 소 분 용다 디엠 문의 줄다 네 모 표시 미개 봉 미전 시품 세트 구매
618,나 어리다 때 그림 연습 걸 함 앙 스타 뱅 드림 방법 남캐 잘 그리다 앙 스타 이르다 내 그림 체 그리기 번 여캐 잘 그리다 뱅 드림 이르다 내 그림 체 그리기 번 그래서 진짜 하다 물어보다 두다 합치다 번
619,뱅 드림 그렛 으 오늘 잠 진짜 안 깨다 ㅋㅋㅋㅋ 판정 계속 무너지다 중 그나마 잘나오다 요 거 같다 앙 ㅋㅋㅋ 확실하다 이번 약 독하다 한 듯 ㅇㅇ
620,나 어리다 때 그림 연습 걸 함 앙 스타 뱅 드림 방법 남캐 잘 그리다 앙 스타 이르다 내 그림 체 그리기 번 여캐 잘 그리다 뱅 드림 이르다 내 그림 체 그리기 번 그래서 진짜 하다 물어보다 두다 합치다 번
621,나 어리다 때 그림 연습 걸 함 앙 스타 뱅 드림 방법 남캐 잘 그리다 앙 스타 이르다 내 그림 체 그리기 번 여캐 잘 그리다 뱅 드림 이르다 내 그림 체 그리기 번 그래서 진짜 하다 물어보다 두다 합치다 번
622,나 어리다 때 그림 연습 걸 함 앙 스타 뱅 드림 방법 남캐 잘 그리다 앙 스타 이르다 내 그림 체 그리기 번 여캐 잘 그리다 뱅 드림 이르다 내 그림 체 그리기 번 그래서 진짜 하다 물어보다 두다 합치다 번
623,뱅 드림 와카 레이 레이 굿 즈 처분 판매 하다 사진 별로 묶음 일괄 판매 타래 목록 가격 확인 해주다 개별 가격 소 분 용다 디엠 문의 줄다 네 모 표시 미개 봉 미전 시품
624,뱅 드림 속성 상관 햎니카 우대 모니카 찐찐완댁 교환
625,데코 덴 탑 로더 탑 꾸다 양도 판매 하다 운 밉다 포 탑 로더 특성 상 잔기스 수 예민하다 분 피 해주다 파샤 밉다 포함 ㅅㅊㅇ 포카홀더 콜북 포카 파샤 앙 스타 뱅 드림 산리오 포챠코 폼폼 푸다
626,오늘 홍대 곳 처음 가보다 애니메이트 가보다 경기도 살다 사람 여기 다시다 안 오다 싶다 일단 내 도검 본진 고작 만화책 중고품 끝 이다 그렇다 힢마있어 위안 됫다 뱅 드림 오랜 만 보다 이브
627,추첨 모두 양도 되다 추첨 통해 소소하다 덕질 자금 입금 드리다 뱅 드림 이 치가 아리사 아크릴 판매 하다 방 나인 홀리데이 개다 아스 하 모개 당 멘션 디엠 ㅅㅊㅇ 뱅 드림
628,뱅 드림 하다
629,나 어리다 때 그림 연습 걸 함 앙 스타 뱅 드림 방법 남캐 잘 그리다 앙 스타 이르다 내 그림 체 그리기 번 여캐 잘 그리다 뱅 드림 이르다 내 그림 체 그리기 번 그래서 진짜 하다 물어보다 두다 합치다 번
630,전 뱅 드림 한창 하다 때 패드 검지 하다 폭 사 한 이후 안 해봤다 연습 하다 괜찮다
631,뱅 드림 선 플라워 용
632,뱅 드림 랜덤 갠봇 뱅 드림 대화 체 선호 하다 다른 지문 자다 못 하다 이다 답텀 유동 적 이다 천사 님 편하다 해주다 먼저 간택 말씀 근데 너무 자다 맞다 바
633,이 거 ㅜ 뱅 드림 채다 비슷하다 건가 앙 스타 이벤트 어떻다 뛰다 저 초보 디엠 멘션 앙 스타 이벤트 팁 설명 부탁드리다 뱅 드림 예 들어서다 설명 해주다 좋다
634,추첨 모두 양도 되다 추첨 통해 소소하다 덕질 자금 입금 드리다 뱅 드림 이 치가 아리사 아크릴 판매 하다 방 나인 홀리데이 개다 아스 하 모개 당 멘션 디엠 ㅅㅊㅇ 뱅 드림
635,나다 뱅 드림 복귀 하다 긍데 안드 아이폰 넘어오다 첨부 터키 우기 너무 시름
636,뱅 드림 일 도리 돌다 판매 하다 투 페스 페스 한정 한정 돌다 다수 판매 하다 존버타시 운 좋다 찐완 만들다 돌다 들다 보유 중 계정 개 판매 되다 때 하 신분 들 중 분 만 돌 계 하나 씩 나눔 하다 습
637,뱅 드림 코미케 디오라마 아크릴 양 도합 니 처분 가격 제시 해주다 모든 코미케 미개 봉 이다 로젤리아 사 모 르포 카 나 나미 토우코 애프터 글 로우 히 마리 찌르다 보다 괜찮다
638,뱅 드림 장터 퓨슾완덱 퓨젤찐팣계 문상 판매 하다 급처 하다 성 개수 개 문의 디엠 부탁드리다 뱅 드림 일 도리 돌다 깔다 돌다 나눔 급구 급처 판매 교환 고 랭 계 퓨젤 퓨슾 찌다
639,헐다 머 뱅 드림 도해
640,월 거의 반년 주로 광주 게임 플라자 마이 마이 하 유저 이다 귀엽다 좋아하다 게임 주로 이 터널 리턴 크다 로저스 롤토 체스 뱅 드림 일 섭 해 어색하다 대화 몇 번하다 말 트이다 사람 입
641,메가박스 동대문 점 해당 건물 사정 임시 운영 중단 되어다 따라서 이번 뱅 드림 라이브 중 의 공연 의 라이브 뷰잉 장소 변경
642,뱅 드림 걸즈 밴드 파티 아오 바 모카 미나토 유키나 츠루 마키 코코 쿠라 타 말다
643,뱅 드림 너무 오랜 만 들어가다 노래 들 꽤 많이 나오다
644,뱅 드림 장터 퓨슾완덱 퓨젤찐팣계 문상 판매 하다 급처 하다 성 개수 개 문의 디엠 부탁드리다 뱅 드림 일 도리 돌다 깔다 돌다 나눔 급구 급처 판매 교환 고 랭 계 퓨젤 퓨슾 찌다
645,천 성의 약하다 뱅 드림 어렵다
646,나 어리다 때 그림 연습 걸 함 앙 스타 뱅 드림 방법 남캐 잘 그리다 앙 스타 이르다 내 그림 체 그리기 번 여캐 잘 그리다 뱅 드림 이르다 내 그림 체 그리기 번 그래서 진짜 하다 물어보다 두다 합치다 번
647,메가박스 동대문 점 해당 건물 사정 임시 운영 중단 되어다 따라서 이번 뱅 드림 라이브 중 의 공연 의 라이브 뷰잉 장소 변경
648,뱅 드림 도모 취
649,뱅 드림 일 도리 돌다 판매 하다 투 페스 페스 한정 한정 돌다 다수 판매 하다 존버타시 운 좋다 찐완 만들다 돌다 들다 보유 중 계정 개 판매 되다 때 하 신분 들 중 분 만 돌 계 하나 씩 나눔 하다 습
650,이 사람 거짓말쟁이 내 돈 훔치다 간다 빨리 내 돈 갚다 빨리 신고 하다 나 이 사람 거짓말쟁이 것 증명 하다 수 탑 로더 탑 꾸다 드림 방탄 세븐 틴 더보이즈 앙 스타 파샤 뱅 드림 엔시 티
651,앙 스타 하 다가 뱅 드림 프 세카 하 뒤지다 같다 시발 어디서 손 떼다
652,나 어리다 때 그림 연습 걸 함 앙 스타 뱅 드림 방법 남캐 잘 그리다 앙 스타 이르다 내 그림 체 그리기 번 여캐 잘 그리다 뱅 드림 이르다 내 그림 체 그리기 번 그래서 진짜 하다 물어보다 두다 합치다 번
653,뱅 드림 밉다 진행 계 쿨젤 완덱 리사 찌다 파츠 교환 가능 오늘 급처해 뱅 드림 반 도리 일 도리 키라 페스 돌다 깔다 돌다 쿨 젤리 로젤리아 로젤 짜다 덱 짭완덱
654,뱅 드림 복귀 함 걍 리겜 하다 엇음 투디 세 카이로 돌아가다 생각 아직 없다
655,뱅 드림 뱅 드림 로젤리아 이마이 리사 좋아하다 굿 즈 쫌쫌 따리 모으다 시간 나다 그림 오너캐 얘기 해 그림 톤 님
656,안녕하다 애니 마켓 이다 오늘 위탁 상품 소개 드리다 하다 귀멸 칼날 주 술회 전 리제 히로 카 앙 스타 뱅 드림 도리 베다 매우 다양하다 준비 되어다 애니 마켓 오늘 열리다
657,나 어리다 때 그림 연습 걸 함 앙 스타 뱅 드림 방법 남캐 잘 그리다 앙 스타 이르다 내 그림 체 그리기 번 여캐 잘 그리다 뱅 드림 이르다 내 그림 체 그리기 번 그래서 진짜 하다 물어보다 두다 합치다 번
658,뱅 드림 장터 뱅 드림 리사 위주 아크릴 일괄 반택 포 판매 하다 인용 소 분 배송 한 분 링블 제외 개별 가능 링블 일괄 로만 판매 하다 사 리사 회원 증 로손 명찰 홀리데이 라우 크레 성
659,반 도리 일 도리 뱅 드림 한정 페스 돌다 판매 대행 주년 드림 페스 포함 계정 사진 타래 확인 구매 문의 사진 혹은 번호 함께 연락 주 시기 바라다
660,뱅 드림 협 하다 사람
661,뱅 드림 원래 내리다 다시 올리다 오랫 만 방 도리 미사 코코 하다 사람 이다 미사 키 최애 코코 차애 컾링 다 잘 먹다 장르 계 아니다 타장르 중심 뱅 드림 언급 적 수
662,뱅 드림 굿 즈 판매 하다 급전 필요하다 파다 롯카 일괄 치사 토 유라 링 동 앨범 애니메이트 스티커 일괄 파 레오 캔 뱃지 일괄
663,사퍼 뱅 드림 본진 이다 서울 인천 주로 출몰 하다 뭔가 낮 익다 트친 츄 라이 츄 라이 흔적 남기다 ㅌㅊㅅ
664,뱅 드림 하다 보 민서 임
665,뱅 드림 일일 카페 수요 조사 주인 님 들다 모시다 인수 메이드 로젤리아 궁금하다 않다 가요 특별하다 대접 하다 드리다 어서 오다 주인 님 년 봄 계최 예정 한 타임 진행 손님
666,뱅 드림 반 도리 굿 즈 아크릴 핀 즈 양도 분할 판매 아야 치 사토 공석 원 차금 타 카논 원 차금 배송지 변경 혹은 수령 후 양 도합 니 배송지 변경 수령 하다 때 끄다
667,네네 뱅 드림 한창 팔 때 오시 컾 중 하나 이다
668,나 어리다 때 그림 연습 걸 함 앙 스타 뱅 드림 방법 남캐 잘 그리다 앙 스타 이르다 내 그림 체 그리기 번 여캐 잘 그리다 뱅 드림 이르다 내 그림 체 그리기 번 그래서 진짜 하다 물어보다 두다 합치다 번
669,뱅 드림 만쥬 로젤리아 니 기 만쥬 시로 카 린코 판매 양도 만지다 적 없다 전시 하다 하자 전혀 없다 상태 이다 구매 의사 분 사진 드리다 디엠 줄다 양 도합 니 반
670,이 사람 거짓말쟁이 내 돈 훔치다 간다 빨리 내 돈 갚다 빨리 신고 하다 나 이 사람 거짓말쟁이 것 증명 하다 수 탑 로더 탑 꾸다 드림 방탄 세븐 틴 더보이즈 앙 스타 파샤 뱅 드림 엔시 티
671,뱅 드림 하 로 하피 카드 세트 미사 키 미셸 코코
672,이 사람 거짓말쟁이 내 돈 훔치다 간다 빨리 내 돈 갚다 빨리 신고 하다 나 이 사람 거짓말쟁이 것 증명 하다 수 탑 로더 탑 꾸다 드림 방탄 세븐 틴 더보이즈 앙 스타 파샤 뱅 드림 엔시 티
673,나 어리다 때 그림 연습 걸 함 앙 스타 뱅 드림 방법 남캐 잘 그리다 앙 스타 이르다 내 그림 체 그리기 번 여캐 잘 그리다 뱅 드림 이르다 내 그림 체 그리기 번 그래서 진짜 하다 물어보다 두다 합치다 번
674,나 어리다 때 그림 연습 걸 함 앙 스타 뱅 드림 방법 남캐 잘 그리다 앙 스타 이르다 내 그림 체 그리기 번 여캐 잘 그리다 뱅 드림 이르다 내 그림 체 그리기 번 그래서 진짜 하다 물어보다 두다 합치다 번
675,다른 게임 하다 프 세카 일 세카 뱅 드림 타다 막 카구라 좀비 로 블록 스 슈 게임 마스터 등등 잼민 하다 다 잼민잼민 만 난 사실 겜창 이다
676,뱅 드림 마루 야마 아야 위주 슈발츠 뱅 가드 판매 하다 왼쪽 슈발츠들 로 오른쪽 데려가다 해 파스 파레 오다 카미 이브 시라 사기 치사 토 히 카 히 야마토 마야 포카 굿 즈 아크릴 위고 홀리 데
677,나 어리다 때 그림 연습 걸 함 앙 스타 뱅 드림 방법 남캐 잘 그리다 앙 스타 이르다 내 그림 체 그리기 번 여캐 잘 그리다 뱅 드림 이르다 내 그림 체 그리기 번 그래서 진짜 하다 물어보다 두다 합치다 번
678,뱅 드림 뱅 드림 로젤리아 이마이 리사 좋아하다 굿 즈 쫌쫌 따리 모으다 시간 나다 그림 오너캐 얘기 해 그림 톤 님
679,나 어리다 때 그림 연습 걸 함 앙 스타 뱅 드림 방법 남캐 잘 그리다 앙 스타 이르다 내 그림 체 그리기 번 여캐 잘 그리다 뱅 드림 이르다 내 그림 체 그리기 번 그래서 진짜 하다 물어보다 두다 합치다 번
680,코스 어 코스 어 재업 하다 코스 시작 한지 얼마 안 되다 초보 코스 어 이다 코 가요 뱅 드림 나루토 죠죠 다양하다 파고 알티 위주 찾아가다 남자 안 받다
681,던 친소 찌다 따다 목화 복실복실하다 모카 하다 스팩 업 기념 돌리다 이다 상던 주다 레이드 같이 돌리다 분 교류 하다 분 환영 하다 덕질 하다 편 뱅 드림 앱글 오시
682,친구 대 모집 안녕하다 뱅 드림 프로 세카 를 플레이 하 타카 나사 하루나 이다 이번 애 트위터 친구 모집 하다 조건 성별 남녀 요소 장르 상관없다 리듬게임 뱅 드림 프로 세카 어떤 시리즈
683,뱅 드림 일 도리 계정 양도 하다 판매 하다 퓨 라스 찌다 햎스 파레 찌다 짜다 퓨 라스 파츠 쿨 스파 레 파츠 불젤 파츠 곡 진행 어느 정도 돼다 스토리 다 보다 양도 하다
684,나 어리다 때 그림 연습 걸 함 앙 스타 뱅 드림 방법 남캐 잘 그리다 앙 스타 이르다 내 그림 체 그리기 번 여캐 잘 그리다 뱅 드림 이르다 내 그림 체 그리기 번 그래서 진짜 하다 물어보다 두다 합치다 번
685,이 사람 거짓말쟁이 내 돈 훔치다 간다 빨리 내 돈 갚다 빨리 신고 하다 나 이 사람 거짓말쟁이 것 증명 하다 수 탑 로더 탑 꾸다 드림 방탄 세븐 틴 더보이즈 앙 스타 파샤 뱅 드림 엔시 티
686,뱅 드림 뱅 드림 로젤리아 이마이 리사 좋아하다 굿 즈 쫌쫌 따리 모으다 시간 나다 그림 오너캐 얘기 해 그림 톤 님
687,이 사람 거짓말쟁이 내 돈 훔치다 간다 빨리 내 돈 갚다 빨리 신고 하다 나 이 사람 거짓말쟁이 것 증명 하다 수 탑 로더 탑 꾸다 드림 방탄 세븐 틴 더보이즈 앙 스타 파샤 뱅 드림 엔시 티
688,뱅 드림 만쥬 로젤리아 니 기 만쥬 시로 카 린코 판매 양도 만지다 적 없다 전시 하다 하자 전혀 없다 상태 이다 구매 의사 분 사진 드리다 디엠 줄다 양 도합 니
689,리겜 더럽다 못 하다 뱅 드림 튜토리얼 나오다 놈임
690,이 사람 거짓말쟁이 내 돈 훔치다 간다 빨리 내 돈 갚다 빨리 신고 하다 나 이 사람 거짓말쟁이 것 증명 하다 수 탑 로더 탑 꾸다 드림 방탄 세븐 틴 더보이즈 앙 스타 파샤 뱅 드림 엔시 티
691,나 어리다 때 그림 연습 걸 함 앙 스타 뱅 드림 방법 남캐 잘 그리다 앙 스타 이르다 내 그림 체 그리기 번 여캐 잘 그리다 뱅 드림 이르다 내 그림 체 그리기 번 그래서 진짜 하다 물어보다 두다 합치다 번
692,나 어리다 때 그림 연습 걸 함 앙 스타 뱅 드림 방법 남캐 잘 그리다 앙 스타 이르다 내 그림 체 그리기 번 여캐 잘 그리다 뱅 드림 이르다 내 그림 체 그리기 번 그래서 진짜 하다 물어보다 두다 합치다 번
693,뱅 드림 굿 즈 판매 하다 급전 필요하다 파다 롯카 일괄 치사 토 유라 링 동 앨범 애니메이트 스티커 일괄 파 레오 캔 뱃지 일괄
694,뱅 드림 키 리가 토우코 데이라이트 포토 카드 포카 양도 판매 멤버 확인 후 바로 넣다 하자 판매 디엠 줄다 뱅 드림 모 르포 카 말다 루이 나 나미 츠쿠시 블룸 블룸 하모니 데이 로젤리아 핼로 해피 월
695,뱅 드림 뱅 드림 로젤리아 이마이 리사 좋아하다 굿 즈 쫌쫌 따리 모으다 시간 나다 그림 오너캐 얘기 해 그림 톤 님
696,커버 곡 천재 아이돌 자랑 하다 뱅 드림 마루 야마 아야
697,이 사람 거짓말쟁이 내 돈 훔치다 간다 빨리 내 돈 갚다 빨리 신고 하다 나 이 사람 거짓말쟁이 것 증명 하다 수 탑 로더 탑 꾸다 드림 방탄 세븐 틴 더보이즈 앙 스타 파샤 뱅 드림 엔시 티
698,이 사람 거짓말쟁이 내 돈 훔치다 간다 빨리 내 돈 갚다 빨리 신고 하다 나 이 사람 거짓말쟁이 것 증명 하다 수 탑 로더 탑 꾸다 드림 방탄 세븐 틴 더보이즈 앙 스타 파샤 뱅 드림 엔시 티
699,뱅 드림 굿 즈 판매 하다 급전 필요하다 파다 롯카 일괄 치사 토 유라 링 동 앨범 애니메이트 스티커 일괄 파 레오 캔 뱃지 일괄
700,이 사람 거짓말쟁이 내 돈 훔치다 간다 빨리 내 돈 갚다 빨리 신고 하다 나 이 사람 거짓말쟁이 것 증명 하다 수 탑 로더 탑 꾸다 드림 방탄 세븐 틴 더보이즈 앙 스타 파샤 뱅 드림 엔시 티
701,이 사람 거짓말쟁이 내 돈 훔치다 간다 빨리 내 돈 갚다 빨리 신고 하다 나 이 사람 거짓말쟁이 것 증명 하다 수 탑 로더 탑 꾸다 드림 방탄 세븐 틴 더보이즈 앙 스타 파샤 뱅 드림 엔시 티
702,이 사람 거짓말쟁이 내 돈 훔치다 간다 빨리 내 돈 갚다 빨리 신고 하다 나 이 사람 거짓말쟁이 것 증명 하다 수 탑 로더 탑 꾸다 드림 방탄 세븐 틴 더보이즈 앙 스타 파샤 뱅드
703,요즘 뱅 드림 이르다 왜케 미치다 뽑다 싶다
704,나 어리다 때 그림 연습 걸 함 앙 스타 뱅 드림 방법 남캐 잘 그리다 앙 스타 이르다 내 그림 체 그리기 번 여캐 잘 그리다 뱅 드림 이르다 내 그림 체 그리기 번 그래서 진짜 하다 물어보다 두다 합치다 번
705,ㅋㅋㅋ 아 ㅠㅠㅜㅜ 쵸 너무 자다 생겻 거기 성격 좀 세 타 카오루 과인 면 이 사람 뱅 드림 최애 세 타 카오루 엿 다 ㅋㅋㅋㅠㅠ 넹 저 설마 저기
706,나 어리다 때 그림 연습 걸 함 앙 스타 뱅 드림 방법 남캐 잘 그리다 앙 스타 이르다 내 그림 체 그리기 번 여캐 잘 그리다 뱅 드림 이르다 내 그림 체 그리기 번 그래서 진짜 하다 물어보다 두다 합치다 번
707,나 어리다 때 그림 연습 걸 함 앙 스타 뱅 드림 방법 남캐 잘 그리다 앙 스타 이르다 내 그림 체 그리기 번 여캐 잘 그리다 뱅 드림 이르다 내 그림 체 그리기 번 그래서 진짜 하다 물어보다 두다 합치다 번
708,나 어리다 때 그림 연습 걸 함 앙 스타 뱅 드림 방법 남캐 잘 그리다 앙 스타 이르다 내 그림 체 그리기 번 여캐 잘 그리다 뱅 드림 이르다 내 그림 체 그리기 번 그래서 진짜 하다 물어보다 두다 합치다 번
709,나 어리다 때 그림 연습 걸 함 앙 스타 뱅 드림 방법 남캐 잘 그리다 앙 스타 이르다 내 그림 체 그리기 번 여캐 잘 그리다 뱅 드림 이르다 내 그림 체 그리기 번 그래서 진짜 하다 물어보다 두다 합치다 번
710,뱅 드림 굿 즈 판매 하다 급전 필요하다 파다 롯카 일괄 치사 토 유라 링 동 앨범 애니메이트 스티커 일괄 파 레오 캔 뱃지 일괄
711,나 어리다 때 그림 연습 걸 함 앙 스타 뱅 드림 방법 남캐 잘 그리다 앙 스타 이르다 내 그림 체 그리기 번 여캐 잘 그리다 뱅 드림 이르다 내 그림 체 그리기 번 그래서 진짜 하다 물어보다 두다 합치다 번
712,뱅 드림 반 도리 한도리 라스 레이 와카 레이 아크릴 위주 양도 판매 공구 분철 설명 타래 기재 되어다 가격 씩 내리다 디엠 줄다 레이 홀리 데
713,뱅 드림 코코 성 아크릴 스탠드 양도 판매 하다 미개 봉품 반택 편택
714,뱅 드림 신년 카 스미다 뽑다 스타 모으다 중
715,나 뱅 드림 접 엇 늘다
716,뱅 드림 뱅 드림 로젤리아 이마이 리사 좋아하다 굿 즈 쫌쫌 따리 모으다 시간 나다 그림 오너캐 얘기 해 그림 톤 님
717,찾아보다 나오다 한국 음원 사이트 들다 수 노래 들 우 타 프리 비프 뱅 드림 히프 마이 파라 라이 아르고 나비스 생각 많다 듯 앙 스타 없다 따로 앨범 사다 되다
718,이번 이벤트 뱅 드림 캐릭터 학년 바뀌다 엇 나다
719,뱅 드림 일 도리 돌다 판매 하다 투 페스 페스 한정 한정 돌다 다수 판매 하다 존버타시 운 좋다 찐완 만들다 돌다 들다 보유 중 계정 개 판매 되다 때 하 신분 들 중 분 만 돌 계 하나 씩 나눔 하다 습
720,나 어리다 때 그림 연습 걸 함 앙 스타 뱅 드림 방법 남캐 잘 그리다 앙 스타 이르다 내 그림 체 그리기 번 여캐 잘 그리다 뱅 드림 이르다 내 그림 체 그리기 번 그래서 진짜 하다 물어보다 두다 합치다 번
721,끌 오다 뱅 드림 뱅 드림 뱅 드림 추가 컾링 예민하다 분도 피 해주다 유키 란 안 먹다 여자 만나다 싶다 트윗 싸지르다 남성 걸다 받다 다음주 시험 끝나다 한번 받다
722,손 이 가요 밴드 팡슬 림 캐릭터 카드 지갑 포캣 아이폰 케이스 그리다 스트랩 폰 홀더 스탠드 핑크 파트너 스 활동 수수료 받다
723,크다 뱅 드림 이제 가챠 픽업 성 두 명 포보 명함 명 나머지 둘 투디 의상 준 달다 거징 이르다 개 의상 개
724,뱅 드림 랭킹 마지막 뛰다 올해 월 랭킹 뛰다 거 빼다 맨날 포보 명함 따다 다음 이벤 뜰 때 아예 안 들어가다 ㅋㅋㅋㅋㅋ
725,오타꾸 류 오늘 뱅 드림 후드 집업 입다 헤헤
726,나 어리다 때 그림 연습 걸 함 앙 스타 뱅 드림 방법 남캐 잘 그리다 앙 스타 이르다 내 그림 체 그리기 번 여캐 잘 그리다 뱅 드림 이르다 내 그림 체 그리기 번 그래서 진짜 하다 물어보다 두다 합치다 번
727,다 들다 새끼 오타쿠 때뭐 팔다 뱅 드림
728,뱅 드림 반 도리 일 도리 계정 판매 로젤리아 불젤 찌다 완덱
729,헉 ㅌㅌㅌㅌㅌㅌㅌㅌ 오다 오랜 만이 ㅠㅠㅠㅠㅠ 공 쥬 들 또 뱅 드림 하다
730,추첨 모두 양도 되다 추첨 통해 소소하다 덕질 자금 입금 드리다 뱅 드림 이 치가 아리사 아크릴 판매 하다 방 나인 홀리데이 개다 아스 하 모개 당 멘션 디엠 ㅅㅊㅇ 뱅 드림
731,원래 전신 브로콜리 떨어지다 나오다 뱅 가드 류 딱 지 게임 여러 미디어 컨텐츠 개발 중 만들어지다 부시 로드 이다 뱅 드림 프로젝트 개발 설화 보다 일본 프로레슬링 빼놓다 수 없다
732,뱅 드림 재밌다
733,뱅 드림 스트랩 뱃지 지류 특전 판매 멘션 또는 디엠 줄다 가격 사진 참고 ㅅㅊㅇ 히 마리 모카 하 구미 마스 킹 헬로 해피 로젤리아
734,뱅 드림 장터 아리사 프라 이즈 누 이 판매 하다 메다 칼 제품 이다 보기 하자 없다 보이 민감하다 분 구매 지 양해 줄다 ㅅㅊㅇ 뱅 드림 반 도리 포 피파 굿 즈 아리사 누 이 프라 이즈 양도 구매 판매 급처
735,뱅 드림 일 도리 퓨 라스 찐완덱 계정 판매 만 돌 곡 미만 진행 도리 베다 수영복 의상 포보 오다 크다 할로윈 롯카 카 스미다 보유 도리 베다 칭호 핀 즈 오다 크다 보유 즉입 가능하다 때 연락 줄다
736,뱅 드림 반 도리 일 도리 계정 판매 하다 라스 수영복 의상 오다 크다 도리 베다 콜라보 의상 칭호 핀 즈 오다 크다 모든 스토리 열람 노래 얼마 안 치다 스테이지 채다 린지 라스 아야 웨딩 의상 의상 많다 로 판매
737,뱅 드림 장터 아리사 프라 이즈 누 이 판매 하다 메다 칼 제품 이다 보기 하자 없다 보이 민감하다 분 구매 지 양해 줄다 ㅅㅊㅇ 뱅 드림 반 도리 포 피파 굿 즈 아리사 누 이 프라 이즈 양도 구매 판매
738,반 도리 일 도리 뱅 드림 한정 페스 돌다 판매 대행 주년 드림 페스 포함 계정 사진 타래 확인 구매 문의 사진 혹은 번호 함께 연락 주 시기 바라다
739,저번 키라 페스 오다 크다 만 돌 양 도합 니 ㅅㅊㅇ 뱅 드림 일 도리 반 도리 방 도리 깔다 돌다 리세 계 미진 행 계정 판매 양도 파스 파레 팟팔 앱글 애프터 글 로우 몰다 포 모니카 모 르포 카 키라 페스 토모 말다 한정 아야 마야 웨딩
740,이 사람 거짓말쟁이 내 돈 훔치다 간다 빨리 내 돈 갚다 빨리 신고 하다 나 이 사람 거짓말쟁이 것 증명 하다 수 탑 로더 탑 꾸다 드림 방탄 세븐 틴 더보이즈 앙 스타 파샤 뱅 드림 엔시 티
741,나 어리다 때 그림 연습 걸 함 앙 스타 뱅 드림 방법 남캐 잘 그리다 앙 스타 이르다 내 그림 체 그리기 번 여캐 잘 그리다 뱅 드림 이르다 내 그림 체 그리기 번 그래서 진짜 하다 물어보다 두다 합치다 번
742,뱅 드림 친추 하다 트친분 계시다
743,이 사람 거짓말쟁이 내 돈 훔치다 간다 빨리 내 돈 갚다 빨리 신고 하다 나 이 사람 거짓말쟁이 것 증명 하다 수 탑 로더 탑 꾸다 드림 방탄 세븐 틴 더보이즈 앙 스타 파샤 뱅드
744,나 어리다 때 그림 연습 걸 함 앙 스타 뱅 드림 방법 남캐 잘 그리다 앙 스타 이르다 내 그림 체 그리기 번 여캐 잘 그리다 뱅 드림 이르다 내 그림 체 그리기 번 그래서 진짜 하다 물어보다 두다 합치다 번
745,뱅 드림 재활 하다 감
746,아니다 헐다 앞 뱅 드림 열심히 하다
747,나 어리다 때 그림 연습 걸 함 앙 스타 뱅 드림 방법 남캐 잘 그리다 앙 스타 이르다 내 그림 체 그리기 번 여캐 잘 그리다 뱅 드림 이르다 내 그림 체 그리기 번 그래서 진짜 하다 물어보다 두다 합치다 번
748,던 친소 찌다 따다 목화 복실복실하다 모카 하다 스팩 업 기념 돌리다 이다 상던 주다 레이드 같이 돌리다 분 교류 하다 분 환영 하다 덕질 하다 편 뱅 드림 앱글 오시
749,뱅 드림 장터 뱅 드림 포핀 파티 토 야마 카 스미다 위고 아크릴 스탠드 굿 즈 재고 개 남다 운 밉다 판매 양 도합 니 미개 봉 상태 좋다 현물 이다 바이오 링크 확인 후 디엠 문의 부탁드리다
750,저번 키라 페스 오다 크다 만 돌 양 도합 니 ㅅㅊㅇ 뱅 드림 일 도리 반 도리 방 도리 깔다 돌다 리세 계 미진 행 계정 판매 양도 파스 파레 팟팔 앱글 애프터 글 로우 몰다 포 모니카 모 르포 카 키라 페스 토모 말다
751,던 친소 찌다 따다 목화 복실복실하다 모카 하다 스팩 업 기념 돌리다 이다 상던 주다 레이드 같이 돌리다 분 교류 하다 분 환영 하다 덕질 하다 편 뱅 드림 앱글 오시
752,나 어리다 때 그림 연습 걸 함 앙 스타 뱅 드림 방법 남캐 잘 그리다 앙 스타 이르다 내 그림 체 그리기 번 여캐 잘 그리다 뱅 드림 이르다 내 그림 체 그리기 번 그래서 진짜 하다 물어보다 두다 합치다 번
753,뱅 드림 아마도 파레 츄츄 카스 아리
754,진짜 눈물나다 다행 점 뱅 드림 쿨앱글 시즌 거 쿨앱 종합 력 만
755,그렇다 보다 뱅 드림 하다 안 친 곡 치다
756,뱅 드림 일 도리 돌다 판매 하다 투 페스 페스 한정 한정 돌다 다수 판매 하다 존버타시 운 좋다 찐완 만들다 돌다 들다 보유 중 계정 개 판매 되다 때 하 신분 들 중 분 만 돌 계 하나 씩 나눔 하다 습
757,자기 소 개표 앙 스타 프 세카 뱅 드림 디포 디제 따로
758,뱅 드림 굿 즈 양도 판매 일반 택배 원 끼리 택배 원 각 금액 사진 참고 지류 따로 개봉 표시 없다 물품 제외 모두 밉다 개봉 이다 다수 구매 우대 하다 물품 금액 이상 거래 합
759,뱅 드림 굿 즈 양도 판매 ㅅㅊㅇ 써클 회원 증 아크릴 성 월드 페어 플라워 위고 코미케 디오라마 모리 체크 스쿨데이즈 피 규어 포카 슈발츠 스티커 누 이 코 로콧 토 필름 라이브 특전 타 리미 사 아야 란 모카
760,뱅 드림 굿 즈 양도 소 분 위고 슈발츠 클리어 카드 아크릴 스탠드 키링 만쥬 부쿠부 피 규어 아쿠스타 마루이 유카타 캔 뱃지 스쿨데이즈 써클 회원 증 로젤리아 아코 유키나 사 린코
761,자기 소 개표 앙 스타 프 세카 뱅 드림 디포 디제 따로
762,뱅 드림 수업 하다 유키나 리사 만화
763,흠 프 세카 뱅 드림 조금 롤 켜다
764,다 들다 새끼 오타쿠 때뭐 팔다 프리 파라 아이엠 스타 좀비 뱅 드림 생각 꽤 많이 덕질 하다
765,다 들다 새끼 오타쿠 때뭐 팔다 살 선물 공룡 디보 따개비 루 뽀롱뽀롱 뽀로로 살 프리 티 리듬 오로라 드림 아이엠 스타 살 이누야샤 나츠메 우 인장 살살 앙상블 스타즈 뱅 드림 걸즈 밴드 파티
766,나 어리다 때 그림 연습 걸 함 앙 스타 뱅 드림 방법 남캐 잘 그리다 앙 스타 이르다 내 그림 체 그리기 번 여캐 잘 그리다 뱅 드림 이르다 내 그림 체 그리기 번 그래서 진짜 하다 물어보다 두다 합치다 번
767,반 도리 일 도리 뱅 드림 한정 페스 돌다 판매 대행 주년 드림 페스 포함 계정 사진 타래 확인 구매 문의 사진 혹은 번호 함께 연락 주 시기 바라다
768,뱅 드림 앱글 슈발츠 장 일괄 판매 하다 왼쪽 네 장 홀로그램 애니메이트 특전 모카 스티커 같이 드리다 애프터 글 로우 미타 케 란 아오 바 모 우 다가오다 토모 우 하라 히 마리 하자 츠 구미 아크릴
769,뱅 드림 포핀파 슈발츠 뱅 가드 장 일괄 판매 하다 애니메이트 월드 페어 특전 플라워 카 스미다 포함 토 야마 카 스미다 야마 부키 사 아야 이 치가 아리사 우시 메 리미 하나조노 타 포 피파 포핀 파티 포카 앨
770,뱅 드림 마루 야마 아야 위주 캔 뱃지 판매 하다 일괄 개별 구매 하다 때 아야 개 다른 멤버 뱃지 개 데려가다 하다 이브 아크릴 스티커 예 용 파스 파레 우 다가오다 아코 붉다 날개 위고 토 야마 카 스미다 필
771,뱅 드림 장터 뱅 드림 라스 굿 즈 다수 판매 하다 뱅 드림 굿 즈 판매 양 공구 소 분 구매 사다 매입 파 레오 캔 뱃지 마스 킹 사토 마스 키부 쿠 부스 트랩 레이 와카 레이 포토 카드 포카 쿠션 지류 아크릴 멀티 클리 너 성우 라이브 티켓 키링무드 등기 타 피크 주년
772,뱅 드림 일 도리 퓨 라스 찐완덱 계정 판매 만 돌 곡 미만 진행 도리 베다 수영복 의상 포보 오다 크다 할로윈 롯카 카 스미다 보유 도리 베다 칭호 핀 즈 오다 크다 보유 즉입 가능하다 때 연락 줄다
773,뱅 드림 이브 란 슈발츠 카드 일괄 양 도합 니 준 밉다 포 가격 이다 반택 가능하다
774,뱅 드림 아오 바 모카 주년 아크릴 스탠드 공구 양도 하다 배송지 변경 차금 해배 비국배비 포함 양도 하다
775,뱅 드림 장터 뱅 드림 슈발츠 일괄 양 도합 니 미사 키 슈발츠 홀로그램 이다 헬로 해피 미셸 카논 타 이브 바이스 슈발츠 뱅 가드 아크릴 굿 즈 뱃지 별 뱃지 레어 팝핀 파 파스 파레 위고 홀리데이 특전 부쿠부 사 아
776,뱅 드림 일 도리 돌다 판매 하다 투 페스 페스 한정 한정 돌다 다수 판매 하다 존버타시 운 좋다 찐완 만들다 돌다 들다 보유 중 계정 개 판매 되다 때 하 신분 들 중 분 만 돌 계 하나 씩 나눔 하다 습
777,뱅 드림 장터 뱅 드림 코코 루이 리사 별 뱃지 각 양 도합 니 전체 일괄 시 준포 ㅅㅊㅇ 뱅 드림 유키나 사 아야 치사 토 굿 즈 아크릴 특전 지류 뱅 가드 뱃지 이브 카논 디오라마 걸파 리사 모 르포 카 모니카 캔 뱃지
778,뱅 드림 일 도리 초반 계 판매 하다 렙 만 돌 키라 페스 말다 도리 베다 콜라보 오다 크다 한정 아야 마야 계정 판매 하다 맘찍 후 디엠 줄다
779,뱅 드림 파스 파레 오다 카미 이브 위고 아크릴 개봉 전시품 양도 하다 반택 포 디엠 줄다 눈 보이다 하자 없다 사진 속 치마 흰색 점 먼지 이다
780,뱅 드림 파 레오 카페 후 지큐 홀리데이 아크릴 굿 즈 판매 하다 디엠 알림 오지 않다 디엠 후 마음 멘션 하다 번 씩 부탁드리다
781,뱅 드림 카 스미다 위주 아크릴 캔 뱃지 다양하다 굿 즈 판매 하다 대부분 밉다 개봉 배송 일반 택배 반값 택배 준 등기 가능하다 디엠 줄다
782,뱅 드림 카스 미아 리사 카오루 피 규어 넨도 경단 인형 서클 회원 증 구합 니 심하다 플미 제외 자잘하다 기스 하자 전부 괜찮다 되다 이면 원가 사고 싶다 아니다 좋다 찌르다 보다
783,뱅 드림 하나조노 타 굿 즈 판매 하다 카 스미다 타 방과후 키링 타 생일 특전 타 별 아크릴 개 타 성 아크릴 타 소라 콜라보 키링 타 아크릴 개봉 전시
784,뱅 드림 반 도리 아사히 롯카 록 굿 즈 양도 판매 사진 속 금액 모두 운 밉다 포 가격 이다 라우 크레 미개 봉 다음 주 내 수령 예정 주년 아크릴 차금 차금 곧 지불 예정 시즌 아크릴 하자
785,뱅 드림 일 도리 은퇴 계 판매 하다 성 개 한정 개 페스 개 완덱 햅글 불글 퓨글 햅젤 파츠 쿨글 불 스파 레 퓨스 파레 불 피파 불로 하피 불젤 앱글 오 시계 이다 햅글 불글 퓨글 종합 력 만 넘다
786,뱅 드림 굿 즈 다수 양도 하다 개별 다수 일괄 순 확정 조금 오래 걸리다 수 참고 하다 줄다 구매 확실하다 분 아니다 글 흔적 남다 말 줄다 개별 아크릴 하나 당 지류 캔 뱃지 키링 중 다수 포함 하다 문의 주
787,나 어리다 때 그림 연습 걸 함 앙 스타 뱅 드림 방법 남캐 잘 그리다 앙 스타 이르다 내 그림 체 그리기 번 여캐 잘 그리다 뱅 드림 이르다 내 그림 체 그리기 번 그래서 진짜 하다 물어보다 두다 합치다 번
788,뱅 드림 히 카 히 사 위고 성 방 나인 홀로 라이브 아크릴 스탠드 루미너스 큐마 플 포카 코미케 디오라마 판매 양도 하다 디엠 줄다
789,뱅 드림 모 르포 카 하모니 데이 후 타바 츠쿠시 루미너스 마루 야마 아야 라스 아사히 롯카 록 포핀 파티 브로마이드 판매 양도 하다 디엠 줄다
790,뱅 드림 헬로 해피 헬햎 세타 카오루 포토 카드 백스테 스티커 판매 양 도합 니 백스테 스티커 포카 개다 고 전체 일 괄시 반택 비 빼 드리다 편하다 디엠 줄다
791,뱅 드림 합동 라이브 공연 티켓 하 구미 운 밉다 파다 교환 환불 안되다
792,뱅 드림 일 도리 한정 페스 돌다 계정 판매 양도 쿨 스파 레 투 페스 한정 만 돌 즉입 판매 하다 스토리 미열 람
793,뱅 드림 애프터 글 로우 아오 바 모카 미타 케 란 모카 란 굿 즈 여러 개 판매 하다 사진 속 조건 보시 맞다 디엠 줄다 다수 거래 우대 하다 여러 개 사시 반택 비 빼 드리다
794,뱅 드림 마루 야마 아야 위주 캔 뱃지 판매 하다 일괄 개별 구매 하다 때 아야 개 다른 멤버 뱃지 개 데려가다 하다 이브 아크릴 스티커 예 용 파스 파레 우 다가오다 아코 붉다 날개 위고 토 야마 카 스미다 필
795,나 어리다 때 그림 연습 걸 함 앙 스타 뱅 드림 방법 남캐 잘 그리다 앙 스타 이르다 내 그림 체 그리기 번 여캐 잘 그리다 뱅 드림 이르다 내 그림 체 그리기 번 그래서 진짜 하다 물어보다 두다 합치다 번
796,뱅 드림 포핀파 슈발츠 뱅 가드 장 일괄 판매 하다 애니메이트 월드 페어 특전 플라워 카 스미다 포함 토 야마 카 스미다 야마 부키 사 아야 이 치가 아리사 우시 메 리미 하나조노 타 포 피파 포핀 파티 포카 앨
797,뱅 드림 앱글 슈발츠 장 일괄 판매 하다 왼쪽 네 장 홀로그램 애니메이트 특전 모카 스티커 같이 드리다 애프터 글 로우 미타 케 란 아오 바 모 우 다가오다 토모 우 하라 히 마리 하자 츠 구미 아크릴
798,뱅 드림 장터 뱅 드림 시로 카 린코 테루테루 보 오즈 테루테루보즈 판매 하다 ㅅㅊㅇ 뱅 드림 반 도리 굿 즈 시로 카 린코 미나토 유키나 우 다가오다 아코 히 카 사 이마이 리사 로젤리아 로젤 굿 즈
799,뱅 드림 굿 즈 앱글 애프터 글 로우 하자 츠 구미 아크릴 핀 즈 판매 양 도합 니 마음 후 디엠 줄다 반택 편택
800,특전 안내 매장 내 뱅 드림 관련 굿 즈 를 구매 하다 만원 당 밴드 특제 스티커 종 중 종 랜덤 증정 기간 월 일금 소진 시 장소 애니플러스 샵 카운터 방 도리 포핀파 애프터 그로
801,뱅 드림 로젤리아 에피소드 약속 애니플러스 일일 수량 한정 주차 한정 메뉴 약속 머그컵 세트 블루베리 라임 이드 머그컵 예약 링크 안내 주차 예약 월 일일 낮 시
802,사실 럽라 뱅 드림 전체 보컬 비 하다
803,커버 곡 천재 아이돌 자랑 하다 뱅 드림 마루 야마 아야
804,뱅 드림 뱅 드림 아리사 조아하다 잇다 굿 즈 소소하다 모으다 게임 하다 잇다 친해지다 같이 뱅 드림 해 저 도모 닷 치 하다 자다 맞다 분만 무 메다 팔로 찾아가다 맞괄 꼬
805,프리 채널 판 정도 하다 오다 아니다 프세카 뱅 드림 엄청 돌리다 고민 이다
806,나 어리다 때 그림 연습 걸 함 앙 스타 뱅 드림 방법 남캐 잘 그리다 앙 스타 이르다 내 그림 체 그리기 번 여캐 잘 그리다 뱅 드림 이르다 내 그림 체 그리기 번 그래서 진짜 하다 물어보다 두다 합치다 번
807,뱅 드림 장터 뱅 드림 슈발츠 일괄 양 도합 니 미사 키 슈발츠 홀로그램 이다 헬로 해피 미셸 카논 타 이브 바이스 슈발츠 뱅 가드 아크릴 굿 즈 뱃지 별 뱃지 레어 팝핀 파 파스 파레 위고 홀리데이 특전
808,뱅 드림 일일 카페 수요 조사 주인 님 들다 모시다 인수 메이드 로젤리아 궁금하다 않다 가요 특별하다 대접 하다 드리다 어서 오다 주인 님 년 봄 계최 예정 한 타임 진행 손님
809,뱅 드림 앱글 슈발츠 장 일괄 판매 하다 왼쪽 네 장 홀로그램 애니메이트 특전 모카 스티커 같이 드리다 애프터 글 로우 미타 케 란 아오 바 모 우 다가오다 토모 우 하라 히 마리 하자 츠 구미 아크릴
810,뱅 드림 포핀파 슈발츠 뱅 가드 장 일괄 판매 하다 애니메이트 월드 페어 특전 플라워 카 스미다 포함 토 야마 카 스미다 야마 부키 사 아야 이 치가 아리사 우시 메 리미 하나조노 타 포 피파 포핀 파티 포카 앨
811,뱅 드림 마루 야마 아야 위주 캔 뱃지 판매 하다 일괄 개별 구매 하다 때 아야 개 다른 멤버 뱃지 개 데려가다 하다 이브 아크릴 스티커 예 용 파스 파레 우 다가오다 아코 붉다 날개 위고 토 야마 카 스미다 필
812,뱅 드림 헬로 해피 헬햎 세타 카오루 포토 카드 백스테 스티커 판매 양 도합 니 백스테 스티커 포카 개다 고 전체 일 괄시 반택 비 빼 드리다 편하다 디엠 줄다
813,러브라이브 천사 님 러브라이브 개인 봇 프로 세카 천사 님 프로 세카 개인 봇 지하 군 천사 님 지하 군 개인 봇 뱅 드림 천사 님 뱅 드림 개인 봇 러브라이브 천사 님 러브라이브 개인 봇 프로 세카 천사 님 프로 세카 개인 봇
814,뱅 드림 파스 파레 마루 야마 아야 봄 고하 자막
815,뱅 드림 접다 싶다
816,나 어리다 때 그림 연습 걸 함 앙 스타 뱅 드림 방법 남캐 잘 그리다 앙 스타 이르다 내 그림 체 그리기 번 여캐 잘 그리다 뱅 드림 이르다 내 그림 체 그리기 번 그래서 진짜 하다 물어보다 두다 합치다 번
817,뱅 드림 아야 코스 안 하다 걸리다 월 서코 때 보다 보고 싶다
818,비계 팅 투디 일상 계 용 프 세카 뱅 드림 하다 분 환영
819,팔리다 추첨 덕 자 만원 드리다 뱅 드림 일 도리 은퇴 계 양도 판매 하다 찐완햎 피파 쿨 하피 완덱퓨젤 퓨니카 햎글 파츠 쿨 피파 불 스파 레 쿨글 파츠 불글 퓨글 불 피파 쿨젤 퓨 하피 햎로 하피
820,저 사실 게임 자다 안 해 하다 게임 앙 스타 프로 세카 뱅 드림 이 개 없다
821,뱅 드림 아오 바 모카 주년 아크릴 스탠드 공구 양도 하다 배송지 변경 차금 해배 비국배비 포함 양도 하다
822,뱅 드림 죽다 못 버리다 리사 사랑 하다 리사 사랑 하다 유키나 동거 결혼 혼인신고 서도 작성 하다 ㅠㅠ
823,사퍼 뱅 드림 본진 이다 서울 인천 주로 출몰 하다 뭔가 낮 익다 트친 츄 라이 츄 라이 흔적 남기다 ㅌㅊㅅ
824,나 어리다 때 그림 연습 걸 함 앙 스타 뱅 드림 방법 남캐 잘 그리다 앙 스타 이르다 내 그림 체 그리기 번 여캐 잘 그리다 뱅 드림 이르다 내 그림 체 그리기 번 그래서 진짜 하다 물어보다 두다 합치다 번
825,사퍼 뱅 드림 본진 이다 서울 인천 주로 출몰 하다 뭔가 낮 익다 트친 츄 라이 츄 라이 흔적 남기다 ㅌㅊㅅ
826,뱅 드림 애프터 글 로우 아오 바 모카 미타 케 란 모카 란 굿 즈 여러 개 판매 하다 사진 속 조건 보시 맞다 디엠 줄다 다수 거래 우대 하다 여러 개 사시 반택 비 빼 드리다
827,사퍼 뱅 드림 본진 이다 서울 인천 주로 출몰 하다 뭔가 낮 익다 트친 츄 라이 츄 라이 흔적 남기다 ㅌㅊㅅ
828,사퍼 뱅 드림 본진 이다 서울 인천 주로 출몰 하다 뭔가 낮 익다 트친 츄 라이 츄 라이 흔적 남기다 ㅌㅊㅅ
829,뱅 드림 뱅 드림 아리사 조아하다 잇다 굿 즈 소소하다 모으다 게임 하다 잇다 친해지다 같이 뱅 드림 해 저 도모 닷 치 하다 자다 맞다 분만 무 메다 팔로 찾아가다 맞괄 꼬
830,나 뱅 드림 계정 날림 ㅠㅠㅠㅠㅠㅠㅠㅠㅠㅠㅠ 하 안 돼다 내 갸루 리사 ㅠㅠㅠㅠ
831,사퍼 뱅 드림 본진 이다 서울 인천 주로 출몰 하다 뭔가 낮 익다 트친 츄 라이 츄 라이 흔적 남기다 ㅌㅊㅅ
832,드 친소 뱅 드림 장르 연인 드림 중심 다드 림 하다 장르 상관 없이 같이 즐겁다 드림 이야기 하다 분 찾다 흔적 남기다 천천히 찾아가다
833,콤보 안 깨지다 아이돌 모든 것 신나다 즐기다 보다 왜 이렇다 얘기 하다 뱅 드림 프로 세카 굿 콤보 깨지다
834,뱅 드림 이브 란 슈발츠 카드 일괄 양 도합 니 준 밉다 포 가격 이다 반택 가능하다
835,뱅 드림 뱅 드림 아리사 조아하다 잇다 굿 즈 소소하다 모으다 게임 하다 잇다 친해지다 같이 뱅 드림 해 저 도모 닷 치 하다 자다 맞다 분만 무 메다 팔로 찾아가다 맞괄 꼬
836,뱅 드림 뱅 드림 아리사 조아하다 잇다 굿 즈 소소하다 모으다 게임 하다 잇다 친해지다 같이 뱅 드림 해 저 도모 닷 치 하다 자다 맞다 분만 무 메다 팔로 찾아가다 맞괄 꼬
837,뱅 드림
838,안녕하다 저희 아이즈 하다 애니 송 커버 밴드 이다 이번 월일 토요일 부산 대 무 몽크 뱅 드림 커버 공연 준비 홍보 위 하다 저희 합주 영상 준비 해오다 풀 영상 궁
839,뱅 드림 뱅 드림 아리사 조아하다 잇다 굿 즈 소소하다 모으다 게임 하다 잇다 친해지다 같이 뱅 드림 해 저 도모 닷 치 하다 자다 맞다 분만 무 메다 팔로 찾아가다 맞괄 꼬
840,뱅 드림 걸즈 밴드 파티 미타 케 란 밴드 기타 보컬 담당 하다 차갑다 보이 친구 들 아끼다 마음씨 좋다 친구 해 단 음식 싫어하다 하다
841,뱅 드림 일 도리 퓨 라스 찐완덱 계정 판매 만 돌 곡 미만 진행 도리 베다 수영복 의상 포보 오다 크다 할로윈 롯카 카 스미다 보유 도리 베다 칭호 핀 즈 오다 크다 보유 즉입 가능하다 때 연락
842,나 어리다 때 그림 연습 걸 함 앙 스타 뱅 드림 방법 남캐 잘 그리다 앙 스타 이르다 내 그림 체 그리기 번 여캐 잘 그리다 뱅 드림 이르다 내 그림 체 그리기 번 그래서 진짜 하다 물어보다 두다 합치다 번
843,뱅 드림 뱅 드림 아리사 조아하다 잇다 굿 즈 소소하다 모으다 게임 하다 잇다 친해지다 같이 뱅 드림 해 저 도모 닷 치 하다 자다 맞다 분만 무 메다 팔로 찾아가다 맞괄 꼬
844,뱅 드림 일 도리 한정 페스 돌다 계정 판매 양도 쿨 스파 레 투 페스 한정 만 돌 즉입 판매 하다 스토리 미열 람
845,뱅 드림 뱅 드림 아리사 조아하다 잇다 굿 즈 소소하다 모으다 게임 하다 잇다 친해지다 같이 뱅 드림 해 저 도모 닷 치 하다 자다 맞다 분만 무 메다 팔로 찾아가다 맞괄 꼬
846,사퍼 뱅 드림 본진 이다 서울 인천 주로 출몰 하다 뭔가 낮 익다 트친 츄 라이 츄 라이 흔적 남기다 ㅌㅊㅅ
847,뱅 드림 장터 뱅 드림 라스 굿 즈 다수 판매 하다 뱅 드림 굿 즈 판매 양 공구 소 분 구매 사다 매입 파 레오 캔 뱃지 마스 킹 사토 마스 키부 쿠 부스 트랩 레이 와카 레이 포토 카드 포카 쿠션 지류 아크릴 멀티 클리 너 성우 라이브 티켓 키링무드 등기 타 피크 주년
848,사퍼 뱅 드림 본진 이다 서울 인천 주로 출몰 하다 뭔가 낮 익다 트친 츄 라이 츄 라이 흔적 남기다 ㅌㅊㅅ
849,반 도리 일 도리 뱅 드림 한정 페스 돌다 판매 대행 주년 드림 페스 포함 계정 사진 타래 확인 구매 문의 사진 혹은 번호 함께 연락 주 시기 바라다
850,뱅 드림 아크릴 스탠드 종 입다 모카 토모 란 타 아야 히 대 전 굿 즈 샵 이 굿 즈 반 도리
851,뱅 드림 주년 기념 바이스 슈발츠 재 입다 성우 싸인 카드 출현 하다 수도 상품 행운 주인공 되어다 보다 대 전 굿 즈 샵 이 굿 즈 반 도리
852,사퍼 뱅 드림 본진 이다 서울 인천 주로 출몰 하다 뭔가 낮 익다 트친 츄 라이 츄 라이 흔적 남기다 ㅌㅊㅅ
853,자동 트윗 모카 란뱅 드림 안코 하프 세카 메인 커플링 두다
854,이왕이면 좀 회복 위해 뱅 드림 좀 쉬다 하나 이 현 타인 음음
855,사퍼 뱅 드림 본진 이다 서울 인천 주로 출몰 하다 뭔가 낮 익다 트친 츄 라이 츄 라이 흔적 남기다 ㅌㅊㅅ
856,사퍼 뱅 드림 본진 이다 서울 인천 주로 출몰 하다 뭔가 낮 익다 트친 츄 라이 츄 라이 흔적 남기다 ㅌㅊㅅ
857,소 미자 동 트윗 소 밉다 그림 계 트친 모두 맞팔 하다 타장르 들 많다 주로 아이 카츠 뱅 드림
858,뱅 드림 일일 카페 수요 조사 주인 님 들다 모시다 인수 메이드 로젤리아 궁금하다 않다 가요 특별하다 대접 하다 드리다 어서 오다 주인 님 년 봄 계최 예정 한 타임 진행 손님
859,오늘 스카 한 것 뱅 드림 그림 그릭 기 겅부 시간
860,아니다 개웃 기네 아이 나나 럽라 뱅 드림 처럼 프로젝트 게임 리 리즈 기준 애니버서리 챙기다 아니다 설마 유닛 별로 챙기다 임 리바레 기념일 떳 때 그게 뭔 데 싶다 엇 늘다 그게 애니버서리 엿 던거 고 진짜
861,자기 전 열심히 고뇌 해봤다 나루토 테마리 타장르 프 세카 오오 토리 무 뱅 드림 츠루 마키 코코 요 나루토 활발하다 적극 적 여캐 없다 거 같다
862,뱅 드림 샤를 익스
863,자동 트윗 미타 케 란뱅 드림 히노 모리 시 호프 세카 최애 두다
864,뱅 드림 로키 익스
865,프세카 뱅 드림 속도 달라 뭔가 이상하다 치다 ㅋㅋㅋㅋㅋㅋㅋㅋ
866,뱅 드림 열등 상등 익스
867,다 들다 뱅 드림 하다
868,뱅 드림 그렛 아니다 ㅋㅋㅋㅋㅋㅋㅋㅋㅋㅋ 진짜 어이없다 ㅋㅋㅋㅋㅋ 다 넘기다 마지막 롱놋 떼다 판정 그렛뜸 ㅋㅋㅋㅋㅋㅋㅋㅋㅋ 으아 ㅏㅏㅡㅡ 으 ㅡㅡㅠㅠㅠ
869,뱅 드림 하이 파이브 어드벤쳐 그렛 오 얘 스페 나왔넹 ㅋㅋㅋㅋ 패턴 재밌다 초견 긴장 하다 하다
870,아니다 뱅 드림 자꾸 내 플립 씹잩 제발
871,리듬게임 좋다 그냥 탭소닉 리듬게임 스타 계속 하다 아무 캐릭터 나오다 않다 걍 순수하다 리듬게임 즐기다 왜 니 손 러브라이브 뱅 드림 슈스엠 슈스비 슈스제왚 힢마 거치다 굳이 굳이 앙스
872,사퍼 뱅 드림 본진 이다 서울 인천 주로 출몰 하다 뭔가 낮 익다 트친 츄 라이 츄 라이 흔적 남기다 ㅌㅊㅅ
873,뱅 드림
874,뱅 드림 이르다 잘나가다 갑자기 외 이르다 임
875,탐라 니 고 파 원더 파로 쫙 갈라지다 거 너무 웃기다 내 탐라 뱅 드림 하다 때 해피 뭐시기 로젤리아 좋아하다 사람 들 없다
876,일 섭 지우다 뱅 드림 깔다 좀 에바
877,뱅 드림 오랜 만 들어가다 이 화면 ㅋㅋㅋㅋㅋ 이 때 이후 한번 안 하다 보다 너무 보고 싶다 공주 들
878,근데 들다 보다 뱅 드림 팔 때 로젤리아 메인 라스 하 하피 서브 팟 단말 임 프로 세카 서다 니 메인 비 배스 원더 쇼 서브 팔다 건 당연하다 수순 아니다
879,근데 들다 보다 뱅 드림 팔 때 로젤리아 메인 라스 하 하피 서브 팟 단말 임 프로 세카 서다 니 메인 비 배스 원더 쇼 서브 팔다 건 당연하다 수순 아니다
880,미사 키 담배 필 거 같다 뱅 드림
881,사퍼 뱅 드림 본진 이다 서울 인천 주로 출몰 하다 뭔가 낮 익다 트친 츄 라이 츄 라이 흔적 남기다 ㅌㅊㅅ
882,나 어리다 때 그림 연습 걸 함 앙 스타 뱅 드림 방법 남캐 잘 그리다 앙 스타 이르다 내 그림 체 그리기 번 여캐 잘 그리다 뱅 드림 이르다 내 그림 체 그리기 번 그래서 진짜 하다 물어보다 두다 합치다 번
883,다 들다 새끼 오타쿠 때뭐 팔다 러브라이브 뱅 드림 앙 스타 루트 타다 여자 어떻다
884,자동 트윗 뱅 드림 프 세카 장르 계 이다 타장르 불편하다 분 들 블언블 썰다
885,뱅 드림 스트랩 뱃지 지류 특전 판매 멘션 또는 디엠 줄다 가격 사진 참고 ㅅㅊㅇ 히 마리 모카 하 구미 마스 킹 헬로 해피 로젤리아
886,뱅 드림 굿 즈 앱글 애프터 글 로우 하자 츠 구미 아크릴 핀 즈 판매 양 도합 니 마음 후 디엠 줄다 반택 편택
887,그대 설마 뱅 드림 시 작 한 건 아니다
888,나 어리다 때 그림 연습 걸 함 앙 스타 뱅 드림 방법 남캐 잘 그리다 앙 스타 이르다 내 그림 체 그리기 번 여캐 잘 그리다 뱅 드림 이르다 내 그림 체 그리기 번 그래서 진짜 하다 물어보다 두다 합치다 번
889,뱅 드림 마루 야마 아야 홀로 라이브 콜라보 아크릴 스탠드 스티커 일괄 판매 하다
890,뱅 드림 픽
891,뱅 드림 애프터 글 로우 아오 바 모카 미타 케 란 모카 란 굿 즈 여러 개 판매 하다 사진 속 조건 보시 맞다 디엠 줄다 다수 거래 우대 하다 여러 개 사시 반택 비 빼 드리다
892,뱅 드림 츠루 마키 코코 넨도 판매 양 도합 니 프필 옵챗 문의 줄다 오비 츠 장터 트 넨도 장터
893,뱅 드림 장터 뱅 드림 시로 카 린코 테루테루 보 오즈 테루테루보즈 판매 하다 ㅅㅊㅇ 뱅 드림 반 도리 굿 즈 시로 카 린코 미나토 유키나 우 다가오다 아코 히 카 사 이마이 리사 로젤리아 로젤 굿 즈
894,뱅 드림 아크릴 파다 다 밉다 개봉 애니메이트 구입 구입 가격 몇 천원 저렴하다 만원 판매 하 일단 맘찍 문의 줄다 조절 일괄 눌 가능 말다 린코 롯카 츠쿠시 추츄 자석 아크릴 애니메이트 파 레오 츄
895,뱅 드림 장터 뱅 드림 한도리 계정 판매 양도 하다 시세 자다 모르다 제시 해주시 감사하다 디엠 줄다 린코 위주 계정 것 같다
896,뱅 드림 일 도리 반 도리 깔다 돌다 계정 판매 하다 성 장 약 진행 계 타래 참고 퓨 하피 파츠 완덱 햎글 햅글 파츠 완덱 햎 피파 쿨글 퓨스 파레 파츠 아야 파츠 이번 키라 페스 가챠 오다 크다 디엠 줄다
897,뱅 드림 일 도리 돌다 햎스 한정 웨딩 가챠 오다 크다 만 돌 판매 하다 맘찍 후 디엠 줄다 ㅅㅊㅇ 뱅 드림 일 도리 포핀 파티 앱글 파스 파레 로젤 할로 하피 모니카 라스 밉다 진행 계 돌다 햎 스파
898,뱅 드림 하나 보고 처자 지다 낼 스카 가야 되다
899,뱅 드림 종잼
900,나 어리다 때 그림 연습 걸 함 앙 스타 뱅 드림 방법 남캐 잘 그리다 앙 스타 이르다 내 그림 체 그리기 번 여캐 잘 그리다 뱅 드림 이르다 내 그림 체 그리기 번 그래서 진짜 하다 물어보다 두다 합치다 번
901,뱅 드림 아크릴 파다 다 밉다 개봉 애니메이트 구입 구입 가격 몇 천원 저렴하다 만원 판매 하 일단 맘찍 문의 줄다 조절 일괄 눌 가능 말다 린코 롯카 츠쿠시 추츄 자석 아크릴 애
902,사퍼 뱅 드림 본진 이다 서울 인천 주로 출몰 하다 뭔가 낮 익다 트친 츄 라이 츄 라이 흔적 남기다 ㅌㅊㅅ
903,애니플러스 최애캐 자랑 진격 거 에렌 예거 주술 회전 료 멘스 쿠나 스파이 패밀리 요르 포 저 브라 이다 앙 스타 도리 베다 산 즈 하루 치 프리 러브 라이브 뱅 드림 못 정해 소아온 문
904,뱅 드림 장터 뱅 드림 시로 카 린코 테루테루 보 오즈 테루테루보즈 판매 하다 ㅅㅊㅇ 뱅 드림 반 도리 굿 즈 시로 카 린코 미나토 유키나 우 다가오다 아코 히 카 사 이마이 리사 로젤리아
905,뱅 드림 앱글 슈발츠 장 일괄 판매 하다 왼쪽 네 장 홀로그램 애니메이트 특전 모카 스티커 같이 드리다 애프터 글 로우 미타 케 란 아오 바 모 우 다가오다 토모 우 하라 히 마리 하자 츠 구미 아크릴
906,뱅 드림 포핀파 슈발츠 뱅 가드 장 일괄 판매 하다 애니메이트 월드 페어 특전 플라워 카 스미다 포함 토 야마 카 스미다 야마 부키 사 아야 이 치가 아리사 우시 메 리미 하나조노 타 포 피파 포핀 파티 포카 앨
907,뱅 드림 마루 야마 아야 위주 캔 뱃지 판매 하다 일괄 개별 구매 하다 때 아야 개 다른 멤버 뱃지 개 데려가다 하다 이브 아크릴 스티커 예 용 파스 파레 우 다가오다 아코 붉다 날개 위고 토 야마 카 스미다 필
908,이벤트 아니다 조아 뱅 드림 하쟈
909,뱅 드림 츠루 마키 코코 넨도 판매 양 도합 니 프필 옵챗 문의 줄다 오비 츠 장터 트 넨도 장터
910,사퍼 뱅 드림 본진 이다 서울 인천 주로 출몰 하다 뭔가 낮 익다 트친 츄 라이 츄 라이 흔적 남기다 ㅌㅊㅅ
911,커뮤 그렇다 커뮤 군 루이츠카 그렇다 루이츠 크다 뱅 드림 그렇다 뱅 드리다 장르 부랑 자 그렇다 나다
912,뱅 드림 하다 사람 나 이벤트 뛰쟈
913,근데 앙 스타 스타 좀 많이 퍼주긴 하다 같다 뱅 드림 반성 하다
914,헉 애옹 님 뱅 드림 최애 얼굴 픽 궁금하다
915,친구 들 다 뱅 드림 오타쿠 들
916,뱅 드림 애프터 글 로우 아오 바 모카 미타 케 란 모카 란 굿 즈 여러 개 판매 하다 사진 속 조건 보시 맞다 디엠 줄다 다수 거래 우대 하다 여러 개 사시 반택 비 빼 드리다
917,사퍼 뱅 드림 본진 이다 서울 인천 주로 출몰 하다 뭔가 낮 익다 트친 츄 라이 츄 라이 흔적 남기다 ㅌㅊㅅ
918,요새 뱅 드림 라스 관심 ㅈㄴ 감
919,나 진짜 뱅 드림 콘허트가고시픔
920,사퍼 뱅 드림 본진 이다 서울 인천 주로 출몰 하다 뭔가 낮 익다 트친 츄 라이 츄 라이 흔적 남기다 ㅌㅊㅅ
921,나 진짜 시발 ㅋㅋ 뱅 드림 라이브 너무 보다 콘서트 기획 안과 팀 플 하다 때 뱅 드림 내 한 라이브 캐릭터 홀로그램 의견 내다 개갑 분 싸다 만들다
922,나 어리다 때 그림 연습 걸 함 앙 스타 뱅 드림 방법 남캐 잘 그리다 앙 스타 이르다 내 그림 체 그리기 번 여캐 잘 그리다 뱅 드림 이르다 내 그림 체 그리기 번 그래서 진짜 하다 물어보다 두다 합치다 번
923,뱅 드림 애프터 글 로우 아오 바 모카 미타 케 란 모카 란 굿 즈 여러 개 판매 하다 사진 속 조건 보시 맞다 디엠 줄다 다수 거래 우대 하다 여러 개 사시 반택 비 빼 드리다
924,사퍼 뱅 드림 본진 이다 서울 인천 주로 출몰 하다 뭔가 낮 익다 트친 츄 라이 츄 라이 흔적 남기다 ㅌㅊㅅ
925,뱅 드림 계정 나눔 스토리 다 읽다 진행 계 이다 카 스미다 팣 멘션 해주다
926,사퍼 뱅 드림 본진 이다 서울 인천 주로 출몰 하다 뭔가 낮 익다 트친 츄 라이 츄 라이 흔적 남기다 ㅌㅊㅅ
927,뱅 드림 장터 뱅 드림 한도리 계정 판매 양도 하다 시세 자다 모르다 제시 해주시 감사하다 디엠 줄다 린코 위주 계정 것 같다
928,뱅 드림 파 레오 라우 크레 아크릴 판매 양도 하다 눈 띄다 하자 없다 하자 예민하다 분 구매 지 양해 줄다 반택 끼택
929,영롱 영롱 아크릴 굿 즈 업데이트 아이 나나 츠 나시 유키 모모 리쿠 뱅 드림 러브라이브 비비드 스트라이크 명탐정 코난 하이바라 명찰 사르다 마이 유온 페그오 암살 교실 이나이레 인격 아크릴 뱃지
930,사퍼 뱅 드림 본진 이다 서울 인천 주로 출몰 하다 뭔가 낮 익다 트친 츄 라이 츄 라이 흔적 남기다 ㅌㅊㅅ
931,나 어리다 때 그림 연습 걸 함 앙 스타 뱅 드림 방법 남캐 잘 그리다 앙 스타 이르다 내 그림 체 그리기 번 여캐 잘 그리다 뱅 드림 이르다 내 그림 체 그리기 번 그래서 진짜 하다 물어보다 두다 합치다 번
932,나 어리다 때 그림 연습 걸 함 앙 스타 뱅 드림 방법 남캐 잘 그리다 앙 스타 이르다 내 그림 체 그리기 번 여캐 잘 그리다 뱅 드림 이르다 내 그림 체 그리기 번 그래서 진짜 하다 물어보다 두다 합치다 번
933,사퍼 뱅 드림 본진 이다 서울 인천 주로 출몰 하다 뭔가 낮 익다 트친 츄 라이 츄 라이 흔적 남기다 ㅌㅊㅅ
934,뱅 드림 앱글 슈발츠 장 일괄 판매 하다 왼쪽 네 장 홀로그램 애니메이트 특전 모카 스티커 같이 드리다 애프터 글 로우 미타 케 란 아오 바 모 우 다가오다 토모 우 하라 히 마리 하자 츠 구미 아크릴
935,뱅 드림 포핀파 슈발츠 뱅 가드 장 일괄 판매 하다 애니메이트 월드 페어 특전 플라워 카 스미다 포함 토 야마 카 스미다 야마 부키 사 아야 이 치가 아리사 우시 메 리미 하나조노 타 포 피파 포핀 파티 포카 앨
936,뱅 드림 마루 야마 아야 위주 캔 뱃지 판매 하다 일괄 개별 구매 하다 때 아야 개 다른 멤버 뱃지 개 데려가다 하다 이브 아크릴 스티커 예 용 파스 파레 우 다가오다 아코 붉다 날개 위고 토 야마 카 스미다 필
937,사퍼 뱅 드림 본진 이다 서울 인천 주로 출몰 하다 뭔가 낮 익다 트친 츄 라이 츄 라이 흔적 남기다 ㅌㅊㅅ
938,노래 그거 맞다 근데 뱅 드림 아니다 프로 세카 해 전 니 고추 어쩌 하다 게임 저 요즘 해 ㅋㅋㅋ ㅋㅋㅋㅋ
939,나 어리다 때 그림 연습 걸 함 앙 스타 뱅 드림 방법 남캐 잘 그리다 앙 스타 이르다 내 그림 체 그리기 번 여캐 잘 그리다 뱅 드림 이르다 내 그림 체 그리기 번 그래서 진짜 하다 물어보다 두다 합치다 번
940,뱅 드림 앱글 슈발츠 장 일괄 판매 하다 왼쪽 네 장 홀로그램 애니메이트 특전 모카 스티커 같이 드리다 애프터 글 로우 미타 케 란 아오 바 모 우 다가오다 토모 우 하라 히 마리 하자 츠 구미
941,커버 곡 천재 아이돌 자랑 하다 뱅 드림 마루 야마 아야
942,뱅 드림 포핀파 슈발츠 뱅 가드 장 일괄 판매 하다 애니메이트 월드 페어 특전 플라워 카 스미다 포함 토 야마 카 스미다 야마 부키 사 아야 이 치가 아리사 우시 메 리미 하나조노 타 포 피파 포핀 파티 포
943,뱅 드림 마루 야마 아야 위주 캔 뱃지 판매 하다 일괄 개별 구매 하다 때 아야 개 다른 멤버 뱃지 개 데려가다 하다 이브 아크릴 스티커 예 용 파스 파레 우 다가오다 아코 붉다 날개 위고 토 야마 카스
944,안녕하다 살이 투디 위주 쓰리다 디 시험 기간 알다 프 세카 많이 뱅 드림 쪼꼼 애니 보고 그렇게 사다 레즈
945,사퍼 뱅 드림 본진 이다 서울 인천 주로 출몰 하다 뭔가 낮 익다 트친 츄 라이 츄 라이 흔적 남기다 ㅌㅊㅅ
946,뱅 드림 뱅 드림 로젤리아 이마이 리사 좋아하다 굿 즈 쫌쫌 따리 모으다 시간 나다 그림 오너캐 얘기 해 그림 톤 님
947,뱅 드림 후 타바 츠쿠시 주년 아크릴 공구 자리 양도 하다 차금 보내다 공 구주 분 연결 해드리다
948,나 어리다 때 그림 연습 걸 함 앙 스타 뱅 드림 방법 남캐 잘 그리다 앙 스타 이르다 내 그림 체 그리기 번 여캐 잘 그리다 뱅 드림 이르다 내 그림 체 그리기 번 그래서 진짜 하다 물어보다 두다 합치다 번
949,칼 바람 해 프로 세카 해 뱅 드림 해 이 터널 리턴 해 코발트 어쩌고 해 맞다 ㄷ 도 ㄱㅊ
950,코스 어 코스 어 코스프레 틱톡 계정 잃어버리다 김 엽니 월 일 일요일 서울 코믹월드 참가 하다 네 무 하다 뱅 드림 은혼 등등 애니 관련 트윗 살짝 예정 이다 첫 서코
951,나 어리다 때 그림 연습 걸 함 앙 스타 뱅 드림 방법 남캐 잘 그리다 앙 스타 이르다 내 그림 체 그리기 번 여캐 잘 그리다 뱅 드림 이르다 내 그림 체 그리기 번 그래서 진짜 하다 물어보다 두다 합치다 번
952,뱅 드림 애프터 글 로우 아오 바 모카 미타 케 란 모카 란 굿 즈 여러 개 판매 하다 사진 속 조건 보시 맞다 디엠 줄다 다수 거래 우대 하다 여러 개 사시 반택 비 빼 드리다
953,뱅 드림
954,뱅 드림 애프터 글 로우 아오 바 모카 미타 케 란 모카 란 굿 즈 여러 개 판매 하다 사진 속 조건 보시 맞다 디엠 줄다 다수 거래 우대 하다 여러 개 사시 반택 비 빼 드리다
955,주로 프 세카 뱅 드림 좋아하다 유산균 챙기다 먹기 미리 미리
956,사퍼 뱅 드림 본진 이다 서울 인천 주로 출몰 하다 뭔가 낮 익다 트친 츄 라이 츄 라이 흔적 남기다 ㅌㅊㅅ
957,뱅 드림 애프터 글 로우 아오 바 모카 미타 케 란 모카 란 굿 즈 여러 개 판매 하다 사진 속 조건 보시 맞다 디엠 줄다 다수 거래 우대 하다 여러 개 사시 반택 비 빼 드리다
958,사퍼 뱅 드림 본진 이다 서울 인천 주로 출몰 하다 뭔가 낮 익다 트친 츄 라이 츄 라이 흔적 남기다 ㅌㅊㅅ
959,사퍼 뱅 드림 본진 이다 서울 인천 주로 출몰 하다 뭔가 낮 익다 트친 츄 라이 츄 라이 흔적 남기다 ㅌㅊㅅ
960,사퍼 뱅 드림 본진 이다 서울 인천 주로 출몰 하다 뭔가 낮 익다 트친 츄 라이 츄 라이 흔적 남기다 ㅌㅊㅅ
961,사퍼 뱅 드림 본진 이다 서울 인천 주로 출몰 하다 뭔가 낮 익다 트친 츄 라이 츄 라이 흔적 남기다 ㅌㅊㅅ
962,사퍼 뱅 드림 본진 이다 서울 인천 주로 출몰 하다 뭔가 낮 익다 트친 츄 라이 츄 라이 흔적 남기다 ㅌㅊㅅ
963,사퍼 뱅 드림 본진 이다 서울 인천 주로 출몰 하다 뭔가 낮 익다 트친 츄 라이 츄 라이 흔적 남기다 ㅌㅊㅅ
964,사퍼 뱅 드림 본진 이다 서울 인천 주로 출몰 하다 뭔가 낮 익다 트친 츄 라이 츄 라이 흔적 남기다 ㅌㅊㅅ
965,사퍼 뱅 드림 본진 이다 서울 인천 주로 출몰 하다 뭔가 낮 익다 트친 츄 라이 츄 라이 흔적 남기다 ㅌㅊㅅ
966,사퍼 뱅 드림 본진 이다 서울 인천 주로 출몰 하다 뭔가 낮 익다 트친 츄 라이 츄 라이 흔적 남기다 ㅌㅊㅅ
967,뱅 드림 히 카 사 굿 즈 판매 하다 일괄 개별 색 가능하다 필름 라이브 특전 색 서클 회원 증 타다
968,뱅 드림 마루 야마 아야 홀로 라이브 콜라보 아크릴 스탠드 스티커 일괄 판매 하다
969,나 어리다 때 그림 연습 걸 함 앙 스타 뱅 드림 방법 남캐 잘 그리다 앙 스타 이르다 내 그림 체 그리기 번 여캐 잘 그리다 뱅 드림 이르다 내 그림 체 그리기 번 그래서 진짜 하다 물어보다 두다 합치다 번
970,뱅 드림 일 도리 돌다 햎스 한정 웨딩 가챠 오다 크다 만 돌 판매 하다 맘찍 후 디엠 줄다 ㅅㅊㅇ 뱅 드림 일 도리 포핀 파티 앱글 파스 파레 로젤 할로 하피 모니카 라스 밉다 진행 계 돌다
971,랜덤 갠봇 표 필수 편하다 놀다 가세 하이큐 도리 베다 앙 스타 프로 세카 뱅 드림 면
972,뱅 드림 일 도리 반 도리 깔다 돌다 계정 판매 하다 성 장 약 진행 계 타래 참고 퓨 하피 파츠 완덱 햎글 햅글 파츠 완덱 햎 피파 쿨글 퓨스 파레 파츠 아야 파츠 이번 키라 페스 가챠 오다 크다 디
973,아이고 뱅 드림 또 튕긴다 젠장
974,랜덤 갠봇 표 필수 편하다 놀다 가세 하이큐 도리 베다 앙 스타 프로 세카 뱅 드림 면
975,랜덤 갠봇 표 필수 편하다 놀다 가세 하이큐 도리 베다 앙 스타 프로 세카 뱅 드림 면
976,뱅 드림 헬로 해피 헬햎 세타 카오루 포토 카드 백스테 스티커 판매 양 도합 니 백스테 스티커 포카 개다 고 전체 일 괄시 반택 비 빼 드리다 편하다 디엠 줄다
977,뱅 드림 마루 야마 아야 앨범 특전 브로마이드 판매 하다 각각 시로 받다 역 제시 커버 콜렉션 앨범 크리스마스 에투 유 메그 애니메이트 미나토 유키나 토 야마 카 스미다 츠루 마키 코코 미타 케 란 굿 즈 포카 포스터 아크
978,뱅 드림 요새 다시 하다 픈 이유 갓 보카로 곡 거기 너무 많다
979,나 어리다 때 그림 연습 걸 함 앙 스타 뱅 드림 방법 남캐 잘 그리다 앙 스타 이르다 내 그림 체 그리기 번 여캐 잘 그리다 뱅 드림 이르다 내 그림 체 그리기 번 그래서 진짜 하다 물어보다 두다 합치다 번
980,뱅 드림 로젤리아 에피소드 약속 애니플러스 콜라보 카페 월 일금 장소 애니플러스 샵 합정역 번 출구 쪽 딜 라이트 스퀘어 카페 영업 시간 라스
981,뱅 드림 로젤리아 에피소드 약속 애니플러스 로젤리아 콜라보 카페 한정 굿 즈 중 스마트폰 스트랩 과 피크 형 아크릴 키홀 종은 아직 발매 전 추후 입다 시 트위터 통 하다 공지 하다 드릴 예정 이다
982,뱅 드림 로젤리아 에피소드 약속 애니플러스 콜라보 카페 라스트 오다 시간 변경 안내 라스트 오다 가능하다 테이크아웃 음료 주문 가능하다 이용 참고 부탁드리다
983,대전 특전 안내 뱅 드림 로젤리아 에피소드 약속 애니플러스 월 일금 극장판 로젤리아 콜라보 카페 대 전 점 이용 하다 메뉴 특전 더하다 주차 롱 포스터 종 추가 증정 메뉴 개다
984,서울 합 정점 뱅 드림 로젤리아 에피소드 약속 애니플러스 여러분 성원 힘 입다 로젤리아 콜라보 카페 월 일일 연장 운영 결정 장소 합정역 번 출구 쪽 딜 라이트 스퀘어 동
985,오늘 뱅 드림 입덕 한지 일 되다 날
986,뱅 드림 로젤리아 에피소드 약속 스페셜 영상 공개 자꾸 멀어지다 이대로 면 뒷이야기 궁금하다 극장 만나다 예매 하다 뱅 드림
987,뱅 드림 뱅 드림 로젤리아 이마이 리사 좋아하다 굿 즈 쫌쫌 따리 모으다 시간 나다 그림 오너캐 얘기 해 그림 톤 님
988,뱅 드림 그렛 아윽풀콤 겨우 하다 긴장 하다 판정 많이 말아먹다 ㅋㅋㅋ 저곡 넘다 힘들다 잠깐 묵다 곡 이다 ㅠㅠ 암튼 풀콤 잡다 ㅇㅇ 어렵다 ㅠㅠ
989,토끼 보고 뱅 드림 함
990,나 어리다 때 그림 연습 걸 함 앙 스타 뱅 드림 방법 남캐 잘 그리다 앙 스타 이르다 내 그림 체 그리기 번 여캐 잘 그리다 뱅 드림 이르다 내 그림 체 그리기 번 그래서 진짜 하다 물어보다 두다 합치다 번
991,뱅 드림 일 도리 반 도리 계정 판매 양도 교환 키라 페스 오다 크다 웨딩 아야 마야 올 콜 타래 저번 페스 올 콜 계 낮다 시가 넘다 의향 교환 페스나 한정 나 나미 츠쿠시 파 레오 중 장 이상 계정 구해 교환
992,뱅 드림 깔다 돌다 판매 하다 스토리 살짝 열람 하다 성 개 토모 말다 카 스미다 키라 패스
993,뱅 드림 깔다 돌다 판매 하다 가챠 외 밉다 진행 계 이다 도리 베다 콜라보 한정 츄츄 레이
994,뱅 드림 반 도리 일 도리 깔다 돌다 드림 페스 하 구미 토우코 로 가격 내리다
995,뱅 드림 진행 계 깔다 돌다 판매 양 도합 니 계좌 문상 받다 계좌 문상 키라 페스 유키나 콜라보 츄츄 히 나사 생일 차키 페스 카스 미드 페롯카 성 줄 편하다 디엠 줄다
996,뱅 드림 합동 라이브 공연 티켓 하 구미 운 밉다 파다 교환 환불 안되다
997,뱅 드림 헬로 해피 헬햎 세타 카오루 포토 카드 백스테 스티커 판매 양 도합 니 백스테 스티커 포카 개다 고 전체 일 괄시 반택 비 빼 드리다 편하다 디엠 줄다
998,뱅 드림 합동 라이브 공연 티켓 하 구미 운 밉다 파다 교환 환불 안되다
999,뱅 드림 뱅 드림 로젤리아 이마이 리사 좋아하다 굿 즈 쫌쫌 따리 모으다 시간 나다 그림 오너캐 얘기 해 그림 톤 님
